{
  "Items": [
    {
      "Query": "l",
      "ExecutedDateTime": "2023-01-13T17:56:04.4795653+09:00"
    },
    {
      "Query": "love",
      "ExecutedDateTime": "2023-01-13T17:56:08.4608305+09:00"
    },
    {
      "Query": "pm install FlowYouTube",
      "ExecutedDateTime": "2023-01-13T17:56:49.6317921+09:00"
    },
    {
      "Query": "youtu",
      "ExecutedDateTime": "2023-01-13T17:57:44.7821969+09:00"
    },
    {
      "Query": "youtube",
      "ExecutedDateTime": "2023-01-13T18:01:52.3997462+09:00"
    },
    {
      "Query": "love",
      "ExecutedDateTime": "2023-01-13T18:07:15.0518537+09:00"
    },
    {
      "Query": "gt i love you",
      "ExecutedDateTime": "2023-01-13T18:13:47.9568357+09:00"
    },
    {
      "Query": "\u315C\u3134 \uACF5\uC720\uAE30",
      "ExecutedDateTime": "2023-01-13T18:15:44.6590515+09:00"
    },
    {
      "Query": "\u315C\u3134 \uD504\uB9B0\uD130",
      "ExecutedDateTime": "2023-01-13T18:16:03.7954405+09:00"
    },
    {
      "Query": "\u3147\u3141 \uD504\uB9B0\uD130",
      "ExecutedDateTime": "2023-01-13T18:17:21.2036983+09:00"
    },
    {
      "Query": "\u3154\uBA64 \uAE40\uCE58",
      "ExecutedDateTime": "2023-01-13T18:36:04.0314865+09:00"
    },
    {
      "Query": "\u003Eipconfig",
      "ExecutedDateTime": "2023-01-13T18:38:25.674374+09:00"
    },
    {
      "Query": "\u003E ipconfig",
      "ExecutedDateTime": "2023-01-13T18:38:54.0677904+09:00"
    },
    {
      "Query": "\u003E tree",
      "ExecutedDateTime": "2023-01-13T18:39:31.1866925+09:00"
    },
    {
      "Query": "pm install Google Search Plus",
      "ExecutedDateTime": "2023-01-13T18:41:14.0674953+09:00"
    },
    {
      "Query": "pm install DuckDuckGo !bang",
      "ExecutedDateTime": "2023-01-13T18:42:38.1431396+09:00"
    },
    {
      "Query": "nmm",
      "ExecutedDateTime": "2023-01-13T18:44:29.8266221+09:00"
    },
    {
      "Query": "nmm s",
      "ExecutedDateTime": "2023-01-13T18:44:30.4703418+09:00"
    },
    {
      "Query": "gmm 1",
      "ExecutedDateTime": "2023-01-13T18:44:46.3780277+09:00"
    },
    {
      "Query": "dan \uC0C1\uBD80\uC11C\uB78D\uC7A5",
      "ExecutedDateTime": "2023-01-13T18:45:25.8582164+09:00"
    },
    {
      "Query": "\u3147\uBB34 \uAC70\uC2E4\uC7A5",
      "ExecutedDateTime": "2023-01-13T18:45:40.4819094+09:00"
    },
    {
      "Query": "\u3147\uBB34 \uACF5\uC720\uAE30",
      "ExecutedDateTime": "2023-01-13T18:45:48.5228403+09:00"
    },
    {
      "Query": "\uD590 \uACF5\uC720\uAE30",
      "ExecutedDateTime": "2023-01-13T18:45:59.0349354+09:00"
    },
    {
      "Query": "\uC57C \uACF5\uC720\uAE30",
      "ExecutedDateTime": "2023-01-13T18:46:06.3706319+09:00"
    },
    {
      "Query": "\u315C\u3151 \uACF5\uC720\uAE30",
      "ExecutedDateTime": "2023-01-13T18:46:14.2113153+09:00"
    },
    {
      "Query": "\uCD94\u3155 \uAE40\uC0C1\uC6B1",
      "ExecutedDateTime": "2023-01-13T18:46:23.5235016+09:00"
    },
    {
      "Query": "\u315B\u3137\u3134 \uAE40\uC0C1\uC6B1",
      "ExecutedDateTime": "2023-01-13T18:46:35.5070271+09:00"
    },
    {
      "Query": "\u3154\u3151\u315C\u3145 \uC2DC\uC564\uC2DC",
      "ExecutedDateTime": "2023-01-13T18:46:49.3626843+09:00"
    },
    {
      "Query": "\u3154\u3151\u315C\u3145 \uB808\uC774\uC800",
      "ExecutedDateTime": "2023-01-13T18:47:05.5707925+09:00"
    },
    {
      "Query": "\u315B\u3157 \uC778\uD154",
      "ExecutedDateTime": "2023-01-13T18:48:18.9947236+09:00"
    },
    {
      "Query": "yh intel",
      "ExecutedDateTime": "2023-01-13T18:49:27.2664617+09:00"
    },
    {
      "Query": "da intel",
      "ExecutedDateTime": "2023-01-13T18:51:13.4173037+09:00"
    },
    {
      "Query": "\u3147\u3141 \uC778\uD154",
      "ExecutedDateTime": "2023-01-13T18:51:18.5866738+09:00"
    },
    {
      "Query": "findicon toss",
      "ExecutedDateTime": "2023-01-13T18:51:48.5289762+09:00"
    },
    {
      "Query": "uninstall wox",
      "ExecutedDateTime": "2023-01-13T18:54:27.9633706+09:00"
    },
    {
      "Query": "uninstall",
      "ExecutedDateTime": "2023-01-13T18:54:34.1060115+09:00"
    },
    {
      "Query": "s",
      "ExecutedDateTime": "2023-01-13T18:56:19.5560354+09:00"
    },
    {
      "Query": "photo",
      "ExecutedDateTime": "2023-01-13T18:57:45.6098189+09:00"
    },
    {
      "Query": "yt flow launcher",
      "ExecutedDateTime": "2023-01-13T18:58:55.8499209+09:00"
    },
    {
      "Query": "\u003E cmd",
      "ExecutedDateTime": "2023-01-13T19:01:09.5764688+09:00"
    },
    {
      "Query": "\u003E regedit",
      "ExecutedDateTime": "2023-01-13T19:01:18.4747684+09:00"
    },
    {
      "Query": "pm install Clipboard History",
      "ExecutedDateTime": "2023-01-13T19:02:35.9903208+09:00"
    },
    {
      "Query": "sticky note in flow launcher",
      "ExecutedDateTime": "2023-01-13T19:04:32.7156771+09:00"
    },
    {
      "Query": "* duck",
      "ExecutedDateTime": "2023-01-13T19:10:28.2832882+09:00"
    },
    {
      "Query": "how to use duckduckgo shebang",
      "ExecutedDateTime": "2023-01-13T19:10:51.6011226+09:00"
    },
    {
      "Query": "yt how to use duckduckgo shebang",
      "ExecutedDateTime": "2023-01-13T19:11:06.712783+09:00"
    },
    {
      "Query": "!verge intel",
      "ExecutedDateTime": "2023-01-13T19:15:19.5138215+09:00"
    },
    {
      "Query": "3\u002B4",
      "ExecutedDateTime": "2023-01-13T19:17:56.8987491+09:00"
    },
    {
      "Query": "calc",
      "ExecutedDateTime": "2023-01-13T19:18:02.6409754+09:00"
    },
    {
      "Query": "\uACC4",
      "ExecutedDateTime": "2023-01-13T19:18:16.6650065+09:00"
    },
    {
      "Query": "gs intel",
      "ExecutedDateTime": "2023-01-13T19:19:37.5587467+09:00"
    },
    {
      "Query": "windows",
      "ExecutedDateTime": "2023-01-13T19:40:04.3844515+09:00"
    },
    {
      "Query": "yt \uB370\uC77C\uB9AC\uCEE4",
      "ExecutedDateTime": "2023-01-13T19:40:34.9300825+09:00"
    },
    {
      "Query": "\u315B\u3145 \uD30C\uC8FC\uCEF4",
      "ExecutedDateTime": "2023-01-13T19:41:58.1934281+09:00"
    },
    {
      "Query": "\u315B\u3145 \uD5C8\uC218\uC544\uBE44",
      "ExecutedDateTime": "2023-01-13T19:42:09.4648908+09:00"
    },
    {
      "Query": "\u3157\u3161 \uC720\uC131\uAD6C",
      "ExecutedDateTime": "2023-01-13T19:43:30.5473477+09:00"
    },
    {
      "Query": "\u315C\u3161 \uC720\uC131\uAD6C",
      "ExecutedDateTime": "2023-01-13T19:43:35.8893712+09:00"
    },
    {
      "Query": "\uC73C \uC720\uC131",
      "ExecutedDateTime": "2023-01-13T19:43:41.9041249+09:00"
    },
    {
      "Query": "\uD590 \uC720\uC131",
      "ExecutedDateTime": "2023-01-13T19:43:54.0160397+09:00"
    },
    {
      "Query": "\uD750 \uC720\uC131",
      "ExecutedDateTime": "2023-01-13T19:44:00.1209275+09:00"
    },
    {
      "Query": "git how to reset all starting point",
      "ExecutedDateTime": "2023-01-14T10:30:33.6092174+09:00"
    },
    {
      "Query": "git how to erase all previous commit",
      "ExecutedDateTime": "2023-01-14T10:32:17.559212+09:00"
    },
    {
      "Query": "how to delete all git history and",
      "ExecutedDateTime": "2023-01-14T10:43:09.6316253+09:00"
    },
    {
      "Query": "gt Pick the image that is the correct way up",
      "ExecutedDateTime": "2023-01-14T10:53:06.056957+09:00"
    },
    {
      "Query": "papa Pick the image that is the correct way up",
      "ExecutedDateTime": "2023-01-14T10:56:57.1724509+09:00"
    },
    {
      "Query": "notion how to set default wide editting area",
      "ExecutedDateTime": "2023-01-14T11:18:48.4658457+09:00"
    },
    {
      "Query": "3060ti vs 3070",
      "ExecutedDateTime": "2023-01-14T11:59:50.8156971+09:00"
    },
    {
      "Query": "3060 vs 3060ti",
      "ExecutedDateTime": "2023-01-14T12:00:12.0355812+09:00"
    },
    {
      "Query": "how to backup flowlauncher setting file",
      "ExecutedDateTime": "2023-01-14T12:16:06.033976+09:00"
    },
    {
      "Query": "flow la",
      "ExecutedDateTime": "2023-01-14T12:20:51.1476669+09:00"
    },
    {
      "Query": "nmm alfred",
      "ExecutedDateTime": "2023-01-14T12:52:22.8535614+09:00"
    },
    {
      "Query": "sett",
      "ExecutedDateTime": "2023-01-14T12:52:48.8272107+09:00"
    },
    {
      "Query": "nmm alfred",
      "ExecutedDateTime": "2023-01-14T12:53:35.9050389+09:00"
    },
    {
      "Query": "dan \uCF00\uC774\uC2A4",
      "ExecutedDateTime": "2023-01-14T13:09:51.3410645+09:00"
    },
    {
      "Query": "\u315B\u3145 t840 \uD1B5\uD48D",
      "ExecutedDateTime": "2023-01-14T13:14:08.9960741+09:00"
    },
    {
      "Query": "\u315B\u3145 \uB370\uC77C\uB9AC\uCEF4 \uD48D\uD1B5",
      "ExecutedDateTime": "2023-01-14T13:21:19.890803+09:00"
    },
    {
      "Query": "12900ks has a graphics",
      "ExecutedDateTime": "2023-01-14T14:10:33.5708454+09:00"
    },
    {
      "Query": "\uC774\uC2DC\uCE74\uC640 \uBBF8\uC624",
      "ExecutedDateTime": "2023-01-14T14:35:41.4286168+09:00"
    },
    {
      "Query": "control",
      "ExecutedDateTime": "2023-01-14T15:48:26.1987261+09:00"
    },
    {
      "Query": "vim",
      "ExecutedDateTime": "2023-01-14T15:48:43.4738125+09:00"
    },
    {
      "Query": "gmm",
      "ExecutedDateTime": "2023-01-14T16:52:51.5483722+09:00"
    },
    {
      "Query": "gmm 1",
      "ExecutedDateTime": "2023-01-14T16:52:56.4951824+09:00"
    },
    {
      "Query": "nmm alfred",
      "ExecutedDateTime": "2023-01-14T18:12:02.1384877+09:00"
    },
    {
      "Query": "\u315C\u3161\u3161 alfred",
      "ExecutedDateTime": "2023-01-14T18:15:01.0440208+09:00"
    },
    {
      "Query": "PnkBstrB.exe",
      "ExecutedDateTime": "2023-01-14T18:17:18.5786235+09:00"
    },
    {
      "Query": "dan lt720",
      "ExecutedDateTime": "2023-01-14T18:25:46.1949332+09:00"
    },
    {
      "Query": "dan \uBA54\uC26C\uD30C\uC774",
      "ExecutedDateTime": "2023-01-14T18:26:34.6820339+09:00"
    },
    {
      "Query": "\u3147\uBB34 13700",
      "ExecutedDateTime": "2023-01-14T18:28:21.272516+09:00"
    },
    {
      "Query": "gm \uB098\uACE0\uC57C",
      "ExecutedDateTime": "2023-01-15T10:49:42.5337509+09:00"
    },
    {
      "Query": "\u315B\u3145 \uB0C4\uBE44\uB69C\uAED1 \uC815\uB9AC",
      "ExecutedDateTime": "2023-01-15T11:03:58.2924916+09:00"
    },
    {
      "Query": "\u3147\uBB34 3m \uBB34\uD0C0\uACF5 \uC218\uAC74\uAC78\uC774",
      "ExecutedDateTime": "2023-01-15T11:08:15.5941669+09:00"
    },
    {
      "Query": "\u3147\uBB34 \uC774\uCF00\uC544 \uB0C4\uBE44\uB69C\uAED1 \uC815\uB9AC\uB300",
      "ExecutedDateTime": "2023-01-15T11:12:11.6419513+09:00"
    },
    {
      "Query": "\u3147\uBB34 \uD504\uB77C\uC774\uD32C \uC815\uB9AC\uB300",
      "ExecutedDateTime": "2023-01-15T11:21:40.4740362+09:00"
    },
    {
      "Query": "\u3147\uBB34 \uB192\uC774\uC870\uC808 \uD3ED\uC870\uC808 \uC8FC\uBC29\uC120\uBC18 1\uB2E8",
      "ExecutedDateTime": "2023-01-15T11:24:49.8245438+09:00"
    },
    {
      "Query": "sett",
      "ExecutedDateTime": "2023-01-15T11:30:46.2596494+09:00"
    },
    {
      "Query": "\u3150\u3153 \uC120\uBC18",
      "ExecutedDateTime": "2023-01-15T11:32:56.8093831+09:00"
    },
    {
      "Query": "\uCCB4 \uC120\uBC18",
      "ExecutedDateTime": "2023-01-15T11:33:09.0644704+09:00"
    },
    {
      "Query": "\u315B\u3145 \uC77C\uD68C\uC6A9 \uC816\uAC00\uB77D \uC815\uB9AC",
      "ExecutedDateTime": "2023-01-15T12:26:43.165494+09:00"
    },
    {
      "Query": "\uB178\uC158 \uC778\uC6A9 \uB2E8\uCD95\uD0A4",
      "ExecutedDateTime": "2023-01-15T12:31:46.1699186+09:00"
    },
    {
      "Query": "\uD0A4\uCE5C\uD0C0\uC6CC",
      "ExecutedDateTime": "2023-01-15T12:48:04.4032278+09:00"
    },
    {
      "Query": "\u3147\uBB34 \uD0A4\uCE5C\uD0C0\uC62C \uAC78\uC774",
      "ExecutedDateTime": "2023-01-15T12:48:13.3835516+09:00"
    },
    {
      "Query": "\uCCB4 \uD0A4\uCE5C\uD0C0\uC62C \uAC78\uC774",
      "ExecutedDateTime": "2023-01-15T12:55:47.5125252+09:00"
    },
    {
      "Query": "\uB178\uC158 \uC0C8\uD398\uC774\uC9C0 \uB9CC\uB4E4\uAE30 \uB2E8\uCD95\uD0A4",
      "ExecutedDateTime": "2023-01-15T13:10:30.3709906+09:00"
    },
    {
      "Query": "\u315B\u3145 \uC77C\uD68C\uC6A9\uC218\uC138\uBBF8",
      "ExecutedDateTime": "2023-01-15T13:39:30.0819318+09:00"
    },
    {
      "Query": "\u3147\uBB34 \uB0C4\uBE44\uC190\uC7A1\uC774",
      "ExecutedDateTime": "2023-01-15T13:49:40.5056792+09:00"
    },
    {
      "Query": "\u3147\uBB34 \uB0C4\uBE44 \uBD80\uD488",
      "ExecutedDateTime": "2023-01-15T13:50:04.6953147+09:00"
    },
    {
      "Query": "\u3147\uBB34 \uB0C4\uBE44 \uAF2E\uC9C0",
      "ExecutedDateTime": "2023-01-15T13:50:57.0709891+09:00"
    },
    {
      "Query": "\uCCB4 \uB0C4\uBE44\uAF2D\uC9C0",
      "ExecutedDateTime": "2023-01-15T13:58:20.6715962+09:00"
    },
    {
      "Query": "\uCCB4 \uC2A4\uD150 \uB0C4\uBE44\uAF2D\uC9C0",
      "ExecutedDateTime": "2023-01-15T14:01:02.3602549+09:00"
    },
    {
      "Query": "\uCCB4 \uD0A4\uCE5C\uD0C0\uC62C\uAC78\uC774 \uD0A4\uCE5C\uB799",
      "ExecutedDateTime": "2023-01-15T14:05:57.6090746+09:00"
    },
    {
      "Query": "\uCCB4 \uD0A4\uCE5C\uD0C0\uC62C\uAC78\uC774",
      "ExecutedDateTime": "2023-01-15T14:06:21.2555259+09:00"
    },
    {
      "Query": "\uD14C \uC6D0\uBAA9\uD0A4\uCE5C\uD0C0\uC62C \uD589\uAC70",
      "ExecutedDateTime": "2023-01-15T14:16:45.2964274+09:00"
    },
    {
      "Query": "\uCCB4 \uC6D0\uBAA9 \uD0A4\uCE5C\uD0C0\uC62C \uD589\uAC70",
      "ExecutedDateTime": "2023-01-15T14:17:01.9425849+09:00"
    },
    {
      "Query": "\uCCB4 \uB0C4\uBE44\uB69C\uAED1\uC815\uB9AC",
      "ExecutedDateTime": "2023-01-15T14:25:10.0093411+09:00"
    },
    {
      "Query": "\u315B\u3145 dusty pc clean",
      "ExecutedDateTime": "2023-01-15T14:36:51.0632276+09:00"
    },
    {
      "Query": "settin",
      "ExecutedDateTime": "2023-01-15T14:43:08.3518643+09:00"
    },
    {
      "Query": "\uB124\uC774\uBC84 \uC544\uC774\uCF54",
      "ExecutedDateTime": "2023-01-15T14:43:42.9042214+09:00"
    },
    {
      "Query": "\uB2E4\uC74C \uC544\uC774\uCF54",
      "ExecutedDateTime": "2023-01-15T14:45:02.454937+09:00"
    },
    {
      "Query": "\uB2E4\uC74C \uC544\uC774\uCF58",
      "ExecutedDateTime": "2023-01-15T14:45:11.0445448+09:00"
    },
    {
      "Query": "\uAD6C\uAE00\uC544\uC774\uCF58",
      "ExecutedDateTime": "2023-01-15T14:49:55.9042427+09:00"
    },
    {
      "Query": "\uB2E4\uB098\uC640 \uC544\uC774\uCF58 png",
      "ExecutedDateTime": "2023-01-15T14:51:36.5086125+09:00"
    },
    {
      "Query": "set",
      "ExecutedDateTime": "2023-01-15T15:15:35.8546709+09:00"
    },
    {
      "Query": "windows terminal execute path",
      "ExecutedDateTime": "2023-01-15T15:26:27.3610975+09:00"
    },
    {
      "Query": "windows terminal settings folder",
      "ExecutedDateTime": "2023-01-15T15:33:31.2567282+09:00"
    },
    {
      "Query": "notion callout",
      "ExecutedDateTime": "2023-01-15T15:36:42.8480605+09:00"
    },
    {
      "Query": "python icon",
      "ExecutedDateTime": "2023-01-15T15:49:27.7290895+09:00"
    },
    {
      "Query": "device management execute path",
      "ExecutedDateTime": "2023-01-15T15:53:28.4953332+09:00"
    },
    {
      "Query": "device and printers exe location",
      "ExecutedDateTime": "2023-01-15T16:04:59.9776347+09:00"
    },
    {
      "Query": "device manager icon",
      "ExecutedDateTime": "2023-01-15T16:46:29.2812743+09:00"
    },
    {
      "Query": "drive icon",
      "ExecutedDateTime": "2023-01-15T17:09:57.8070297+09:00"
    },
    {
      "Query": "g drive icon",
      "ExecutedDateTime": "2023-01-15T17:10:08.700477+09:00"
    },
    {
      "Query": "gs dr",
      "ExecutedDateTime": "2023-01-15T17:10:21.9487025+09:00"
    },
    {
      "Query": "gs drive icon",
      "ExecutedDateTime": "2023-01-15T17:10:39.3087612+09:00"
    },
    {
      "Query": "gi drive icon",
      "ExecutedDateTime": "2023-01-15T17:10:59.3201769+09:00"
    },
    {
      "Query": "windows network icon",
      "ExecutedDateTime": "2023-01-15T17:23:28.1683561+09:00"
    },
    {
      "Query": "sub",
      "ExecutedDateTime": "2023-01-15T17:24:33.9328884+09:00"
    },
    {
      "Query": "7z",
      "ExecutedDateTime": "2023-01-15T17:30:40.6374003+09:00"
    },
    {
      "Query": "flow launcher ev",
      "ExecutedDateTime": "2023-01-15T17:34:37.5421681+09:00"
    },
    {
      "Query": "shell32.dll.mun",
      "ExecutedDateTime": "2023-01-15T17:38:41.0534829+09:00"
    },
    {
      "Query": "IcoFX",
      "ExecutedDateTime": "2023-01-15T17:43:18.182642+09:00"
    },
    {
      "Query": "rtx a2000 vs 3060",
      "ExecutedDateTime": "2023-01-15T18:06:52.1017341+09:00"
    },
    {
      "Query": "p1000 vs a2000",
      "ExecutedDateTime": "2023-01-15T18:10:16.0362455+09:00"
    },
    {
      "Query": "\uC5ED\uC124\uC0AC \uAC8C\uC784",
      "ExecutedDateTime": "2023-01-15T18:27:08.8903372+09:00"
    },
    {
      "Query": "host icon",
      "ExecutedDateTime": "2023-01-15T18:30:58.4691311+09:00"
    },
    {
      "Query": "photo",
      "ExecutedDateTime": "2023-01-15T18:35:21.6452283+09:00"
    },
    {
      "Query": "everything",
      "ExecutedDateTime": "2023-01-15T18:47:02.6350254+09:00"
    },
    {
      "Query": "jupyter lab",
      "ExecutedDateTime": "2023-01-15T18:51:43.6108863+09:00"
    },
    {
      "Query": "mate terminal",
      "ExecutedDateTime": "2023-01-15T19:13:26.8997368+09:00"
    },
    {
      "Query": "terminator linux",
      "ExecutedDateTime": "2023-01-15T19:16:50.1083137+09:00"
    },
    {
      "Query": "set",
      "ExecutedDateTime": "2023-01-15T19:41:00.1316124+09:00"
    },
    {
      "Query": "git change branch name",
      "ExecutedDateTime": "2023-01-15T19:41:25.60358+09:00"
    },
    {
      "Query": "git how to delete git repo",
      "ExecutedDateTime": "2023-01-15T19:45:19.2292293+09:00"
    },
    {
      "Query": "how to change main to master in git",
      "ExecutedDateTime": "2023-01-15T20:00:36.8065011+09:00"
    },
    {
      "Query": "whpa icon",
      "ExecutedDateTime": "2023-01-15T20:12:18.2950951+09:00"
    },
    {
      "Query": "shutdown icon",
      "ExecutedDateTime": "2023-01-15T20:31:59.7231333+09:00"
    },
    {
      "Query": "defender icon",
      "ExecutedDateTime": "2023-01-15T20:35:15.0618149+09:00"
    },
    {
      "Query": "notepad\u002B\u002B \uAE00\uAF34\uCD94\uCC9C",
      "ExecutedDateTime": "2023-01-15T20:41:14.2787619+09:00"
    },
    {
      "Query": "notepad\u002B\u002B \uD55C\uAE00\uAE00\uAF34 \uC601\uBB38\uAE00\uAF34 \uB530\uB85C",
      "ExecutedDateTime": "2023-01-15T20:43:55.3010758+09:00"
    },
    {
      "Query": "notepad\u002B\u002B configura",
      "ExecutedDateTime": "2023-01-15T20:49:31.4718384+09:00"
    },
    {
      "Query": "xml tree v",
      "ExecutedDateTime": "2023-01-15T20:52:07.3404741+09:00"
    },
    {
      "Query": "yt vscode xml viewer",
      "ExecutedDateTime": "2023-01-15T20:56:56.9339695+09:00"
    },
    {
      "Query": "vs",
      "ExecutedDateTime": "2023-01-15T21:15:37.7398613+09:00"
    },
    {
      "Query": "\uB9D1\uC740\uACE0\uB515\uD3F0\uD2B8 \uC774\uB984",
      "ExecutedDateTime": "2023-01-15T21:18:05.1113095+09:00"
    },
    {
      "Query": "note",
      "ExecutedDateTime": "2023-01-15T21:39:18.7472829+09:00"
    },
    {
      "Query": "notepad\u002B\u002B",
      "ExecutedDateTime": "2023-01-15T21:40:35.3982528+09:00"
    },
    {
      "Query": "captiva yahoo icon",
      "ExecutedDateTime": "2023-01-15T22:35:53.2246969+09:00"
    },
    {
      "Query": "sett",
      "ExecutedDateTime": "2023-01-15T22:42:29.2481746+09:00"
    },
    {
      "Query": "\u315B\u3157\u315C \uBBFC",
      "ExecutedDateTime": "2023-01-15T22:43:24.9864361+09:00"
    },
    {
      "Query": "setting",
      "ExecutedDateTime": "2023-01-15T22:43:34.2628006+09:00"
    },
    {
      "Query": "yhn intel",
      "ExecutedDateTime": "2023-01-15T22:45:05.9713292+09:00"
    },
    {
      "Query": "\u315B\u3157\u315C \uC778\uD154",
      "ExecutedDateTime": "2023-01-15T22:45:18.0867177+09:00"
    },
    {
      "Query": "find icon",
      "ExecutedDateTime": "2023-01-16T08:38:26.0091302+09:00"
    },
    {
      "Query": "setting",
      "ExecutedDateTime": "2023-01-16T08:44:58.2922799+09:00"
    },
    {
      "Query": "\uBBF8\u3151 \uC0E4\uC624\uC2E0 \uB9C8\uC6B0\uC2A4",
      "ExecutedDateTime": "2023-01-16T08:51:09.548194+09:00"
    },
    {
      "Query": "setting",
      "ExecutedDateTime": "2023-01-16T08:51:48.2609974+09:00"
    },
    {
      "Query": "icon naver",
      "ExecutedDateTime": "2023-01-16T08:54:19.9025902+09:00"
    },
    {
      "Query": "\uB7B4\u315C\uC57C\uCC44\u315C \uB124\uC774\uBC84",
      "ExecutedDateTime": "2023-01-16T08:55:12.4891341+09:00"
    },
    {
      "Query": "\uBE0C\uB808\uC774\uBE0C\uBE0C\uB77C\uC6B0\uC800",
      "ExecutedDateTime": "2023-01-16T08:56:17.2326288+09:00"
    },
    {
      "Query": "\uBE0C\uB808\uC774\uBE0C\uBE0C\uB77C\uC6B0\uC800 \uAC80\uC0C9",
      "ExecutedDateTime": "2023-01-16T08:56:34.9534639+09:00"
    },
    {
      "Query": "brave browser icon",
      "ExecutedDateTime": "2023-01-16T08:57:53.4963563+09:00"
    },
    {
      "Query": "\u3160\u3131 \uC778\uD154",
      "ExecutedDateTime": "2023-01-16T09:00:15.6509116+09:00"
    },
    {
      "Query": "br intel",
      "ExecutedDateTime": "2023-01-16T09:00:24.7840435+09:00"
    },
    {
      "Query": "se",
      "ExecutedDateTime": "2023-01-16T09:01:32.4651788+09:00"
    },
    {
      "Query": "\uB7B4\u315C\uC57C\uCC44\u315C weather",
      "ExecutedDateTime": "2023-01-16T09:03:06.0185948+09:00"
    },
    {
      "Query": "\u315C\uBC0F \uC11C\uC6B8",
      "ExecutedDateTime": "2023-01-16T09:05:07.5546128+09:00"
    },
    {
      "Query": "\u315C\u3161 \uB098\uC8FC",
      "ExecutedDateTime": "2023-01-16T09:05:21.3923011+09:00"
    },
    {
      "Query": "\uBE59 \uC544\uC774\uCF58",
      "ExecutedDateTime": "2023-01-16T09:05:45.1540414+09:00"
    },
    {
      "Query": "se",
      "ExecutedDateTime": "2023-01-16T09:11:56.0652838+09:00"
    },
    {
      "Query": "\u3160\u3151\u315C\u314E \uAE40\uCE58",
      "ExecutedDateTime": "2023-01-16T09:14:17.3986018+09:00"
    },
    {
      "Query": "everything sendto",
      "ExecutedDateTime": "2023-01-16T09:29:36.2757992+09:00"
    },
    {
      "Query": "gm \uC57C\uCFE0\uCE20\uCFE0",
      "ExecutedDateTime": "2023-01-16T10:15:10.714951+09:00"
    },
    {
      "Query": "\uB098\uBB34",
      "ExecutedDateTime": "2023-01-16T11:11:14.8025249+09:00"
    },
    {
      "Query": "\uB098\uBB34 \uBCF4\uAD6C",
      "ExecutedDateTime": "2023-01-16T11:13:15.9686062+09:00"
    },
    {
      "Query": "\uB098\uBB34 \uD398\uC774\uD2B8",
      "ExecutedDateTime": "2023-01-16T11:13:22.2148719+09:00"
    },
    {
      "Query": "\uB098\uBB34 \uC548\uCCA0\uC218",
      "ExecutedDateTime": "2023-01-16T11:13:33.1700177+09:00"
    },
    {
      "Query": "bing intel",
      "ExecutedDateTime": "2023-01-16T11:22:41.0845644+09:00"
    },
    {
      "Query": "intel",
      "ExecutedDateTime": "2023-01-16T11:22:46.1975857+09:00"
    },
    {
      "Query": "gi intel",
      "ExecutedDateTime": "2023-01-16T11:23:51.61308+09:00"
    }
  ]
}