{
  "Items": [
    {
      "Query": "l",
      "ExecutedDateTime": "2023-01-13T17:56:04.4795653+09:00"
    },
    {
      "Query": "love",
      "ExecutedDateTime": "2023-01-13T17:56:08.4608305+09:00"
    },
    {
      "Query": "pm install FlowYouTube",
      "ExecutedDateTime": "2023-01-13T17:56:49.6317921+09:00"
    },
    {
      "Query": "youtu",
      "ExecutedDateTime": "2023-01-13T17:57:44.7821969+09:00"
    },
    {
      "Query": "youtube",
      "ExecutedDateTime": "2023-01-13T18:01:52.3997462+09:00"
    },
    {
      "Query": "love",
      "ExecutedDateTime": "2023-01-13T18:07:15.0518537+09:00"
    },
    {
      "Query": "gt i love you",
      "ExecutedDateTime": "2023-01-13T18:13:47.9568357+09:00"
    },
    {
      "Query": "\u315C\u3134 \uACF5\uC720\uAE30",
      "ExecutedDateTime": "2023-01-13T18:15:44.6590515+09:00"
    },
    {
      "Query": "\u315C\u3134 \uD504\uB9B0\uD130",
      "ExecutedDateTime": "2023-01-13T18:16:03.7954405+09:00"
    },
    {
      "Query": "\u3147\u3141 \uD504\uB9B0\uD130",
      "ExecutedDateTime": "2023-01-13T18:17:21.2036983+09:00"
    },
    {
      "Query": "\u3154\uBA64 \uAE40\uCE58",
      "ExecutedDateTime": "2023-01-13T18:36:04.0314865+09:00"
    },
    {
      "Query": "\u003Eipconfig",
      "ExecutedDateTime": "2023-01-13T18:38:25.674374+09:00"
    },
    {
      "Query": "\u003E ipconfig",
      "ExecutedDateTime": "2023-01-13T18:38:54.0677904+09:00"
    },
    {
      "Query": "\u003E tree",
      "ExecutedDateTime": "2023-01-13T18:39:31.1866925+09:00"
    },
    {
      "Query": "pm install Google Search Plus",
      "ExecutedDateTime": "2023-01-13T18:41:14.0674953+09:00"
    },
    {
      "Query": "pm install DuckDuckGo !bang",
      "ExecutedDateTime": "2023-01-13T18:42:38.1431396+09:00"
    },
    {
      "Query": "nmm",
      "ExecutedDateTime": "2023-01-13T18:44:29.8266221+09:00"
    },
    {
      "Query": "nmm s",
      "ExecutedDateTime": "2023-01-13T18:44:30.4703418+09:00"
    },
    {
      "Query": "gmm 1",
      "ExecutedDateTime": "2023-01-13T18:44:46.3780277+09:00"
    },
    {
      "Query": "dan \uC0C1\uBD80\uC11C\uB78D\uC7A5",
      "ExecutedDateTime": "2023-01-13T18:45:25.8582164+09:00"
    },
    {
      "Query": "\u3147\uBB34 \uAC70\uC2E4\uC7A5",
      "ExecutedDateTime": "2023-01-13T18:45:40.4819094+09:00"
    },
    {
      "Query": "\u3147\uBB34 \uACF5\uC720\uAE30",
      "ExecutedDateTime": "2023-01-13T18:45:48.5228403+09:00"
    },
    {
      "Query": "\uD590 \uACF5\uC720\uAE30",
      "ExecutedDateTime": "2023-01-13T18:45:59.0349354+09:00"
    },
    {
      "Query": "\uC57C \uACF5\uC720\uAE30",
      "ExecutedDateTime": "2023-01-13T18:46:06.3706319+09:00"
    },
    {
      "Query": "\u315C\u3151 \uACF5\uC720\uAE30",
      "ExecutedDateTime": "2023-01-13T18:46:14.2113153+09:00"
    },
    {
      "Query": "\uCD94\u3155 \uAE40\uC0C1\uC6B1",
      "ExecutedDateTime": "2023-01-13T18:46:23.5235016+09:00"
    },
    {
      "Query": "\u315B\u3137\u3134 \uAE40\uC0C1\uC6B1",
      "ExecutedDateTime": "2023-01-13T18:46:35.5070271+09:00"
    },
    {
      "Query": "\u3154\u3151\u315C\u3145 \uC2DC\uC564\uC2DC",
      "ExecutedDateTime": "2023-01-13T18:46:49.3626843+09:00"
    },
    {
      "Query": "\u3154\u3151\u315C\u3145 \uB808\uC774\uC800",
      "ExecutedDateTime": "2023-01-13T18:47:05.5707925+09:00"
    },
    {
      "Query": "\u315B\u3157 \uC778\uD154",
      "ExecutedDateTime": "2023-01-13T18:48:18.9947236+09:00"
    },
    {
      "Query": "yh intel",
      "ExecutedDateTime": "2023-01-13T18:49:27.2664617+09:00"
    },
    {
      "Query": "da intel",
      "ExecutedDateTime": "2023-01-13T18:51:13.4173037+09:00"
    },
    {
      "Query": "\u3147\u3141 \uC778\uD154",
      "ExecutedDateTime": "2023-01-13T18:51:18.5866738+09:00"
    },
    {
      "Query": "findicon toss",
      "ExecutedDateTime": "2023-01-13T18:51:48.5289762+09:00"
    },
    {
      "Query": "uninstall wox",
      "ExecutedDateTime": "2023-01-13T18:54:27.9633706+09:00"
    },
    {
      "Query": "uninstall",
      "ExecutedDateTime": "2023-01-13T18:54:34.1060115+09:00"
    },
    {
      "Query": "s",
      "ExecutedDateTime": "2023-01-13T18:56:19.5560354+09:00"
    },
    {
      "Query": "photo",
      "ExecutedDateTime": "2023-01-13T18:57:45.6098189+09:00"
    },
    {
      "Query": "yt flow launcher",
      "ExecutedDateTime": "2023-01-13T18:58:55.8499209+09:00"
    },
    {
      "Query": "\u003E cmd",
      "ExecutedDateTime": "2023-01-13T19:01:09.5764688+09:00"
    },
    {
      "Query": "\u003E regedit",
      "ExecutedDateTime": "2023-01-13T19:01:18.4747684+09:00"
    },
    {
      "Query": "pm install Clipboard History",
      "ExecutedDateTime": "2023-01-13T19:02:35.9903208+09:00"
    },
    {
      "Query": "sticky note in flow launcher",
      "ExecutedDateTime": "2023-01-13T19:04:32.7156771+09:00"
    },
    {
      "Query": "* duck",
      "ExecutedDateTime": "2023-01-13T19:10:28.2832882+09:00"
    },
    {
      "Query": "how to use duckduckgo shebang",
      "ExecutedDateTime": "2023-01-13T19:10:51.6011226+09:00"
    },
    {
      "Query": "yt how to use duckduckgo shebang",
      "ExecutedDateTime": "2023-01-13T19:11:06.712783+09:00"
    },
    {
      "Query": "!verge intel",
      "ExecutedDateTime": "2023-01-13T19:15:19.5138215+09:00"
    },
    {
      "Query": "3\u002B4",
      "ExecutedDateTime": "2023-01-13T19:17:56.8987491+09:00"
    },
    {
      "Query": "calc",
      "ExecutedDateTime": "2023-01-13T19:18:02.6409754+09:00"
    },
    {
      "Query": "\uACC4",
      "ExecutedDateTime": "2023-01-13T19:18:16.6650065+09:00"
    },
    {
      "Query": "gs intel",
      "ExecutedDateTime": "2023-01-13T19:19:37.5587467+09:00"
    },
    {
      "Query": "windows",
      "ExecutedDateTime": "2023-01-13T19:40:04.3844515+09:00"
    },
    {
      "Query": "yt \uB370\uC77C\uB9AC\uCEE4",
      "ExecutedDateTime": "2023-01-13T19:40:34.9300825+09:00"
    },
    {
      "Query": "\u315B\u3145 \uD30C\uC8FC\uCEF4",
      "ExecutedDateTime": "2023-01-13T19:41:58.1934281+09:00"
    },
    {
      "Query": "\u315B\u3145 \uD5C8\uC218\uC544\uBE44",
      "ExecutedDateTime": "2023-01-13T19:42:09.4648908+09:00"
    },
    {
      "Query": "\u3157\u3161 \uC720\uC131\uAD6C",
      "ExecutedDateTime": "2023-01-13T19:43:30.5473477+09:00"
    },
    {
      "Query": "\u315C\u3161 \uC720\uC131\uAD6C",
      "ExecutedDateTime": "2023-01-13T19:43:35.8893712+09:00"
    },
    {
      "Query": "\uC73C \uC720\uC131",
      "ExecutedDateTime": "2023-01-13T19:43:41.9041249+09:00"
    },
    {
      "Query": "\uD590 \uC720\uC131",
      "ExecutedDateTime": "2023-01-13T19:43:54.0160397+09:00"
    },
    {
      "Query": "\uD750 \uC720\uC131",
      "ExecutedDateTime": "2023-01-13T19:44:00.1209275+09:00"
    },
    {
      "Query": "git how to reset all starting point",
      "ExecutedDateTime": "2023-01-14T10:30:33.6092174+09:00"
    },
    {
      "Query": "git how to erase all previous commit",
      "ExecutedDateTime": "2023-01-14T10:32:17.559212+09:00"
    },
    {
      "Query": "how to delete all git history and",
      "ExecutedDateTime": "2023-01-14T10:43:09.6316253+09:00"
    },
    {
      "Query": "gt Pick the image that is the correct way up",
      "ExecutedDateTime": "2023-01-14T10:53:06.056957+09:00"
    },
    {
      "Query": "papa Pick the image that is the correct way up",
      "ExecutedDateTime": "2023-01-14T10:56:57.1724509+09:00"
    },
    {
      "Query": "notion how to set default wide editting area",
      "ExecutedDateTime": "2023-01-14T11:18:48.4658457+09:00"
    },
    {
      "Query": "3060ti vs 3070",
      "ExecutedDateTime": "2023-01-14T11:59:50.8156971+09:00"
    },
    {
      "Query": "3060 vs 3060ti",
      "ExecutedDateTime": "2023-01-14T12:00:12.0355812+09:00"
    },
    {
      "Query": "how to backup flowlauncher setting file",
      "ExecutedDateTime": "2023-01-14T12:16:06.033976+09:00"
    },
    {
      "Query": "flow la",
      "ExecutedDateTime": "2023-01-14T12:20:51.1476669+09:00"
    },
    {
      "Query": "nmm alfred",
      "ExecutedDateTime": "2023-01-14T12:52:22.8535614+09:00"
    },
    {
      "Query": "sett",
      "ExecutedDateTime": "2023-01-14T12:52:48.8272107+09:00"
    },
    {
      "Query": "nmm alfred",
      "ExecutedDateTime": "2023-01-14T12:53:35.9050389+09:00"
    },
    {
      "Query": "dan \uCF00\uC774\uC2A4",
      "ExecutedDateTime": "2023-01-14T13:09:51.3410645+09:00"
    },
    {
      "Query": "\u315B\u3145 t840 \uD1B5\uD48D",
      "ExecutedDateTime": "2023-01-14T13:14:08.9960741+09:00"
    },
    {
      "Query": "\u315B\u3145 \uB370\uC77C\uB9AC\uCEF4 \uD48D\uD1B5",
      "ExecutedDateTime": "2023-01-14T13:21:19.890803+09:00"
    },
    {
      "Query": "12900ks has a graphics",
      "ExecutedDateTime": "2023-01-14T14:10:33.5708454+09:00"
    },
    {
      "Query": "\uC774\uC2DC\uCE74\uC640 \uBBF8\uC624",
      "ExecutedDateTime": "2023-01-14T14:35:41.4286168+09:00"
    },
    {
      "Query": "control",
      "ExecutedDateTime": "2023-01-14T15:48:26.1987261+09:00"
    },
    {
      "Query": "vim",
      "ExecutedDateTime": "2023-01-14T15:48:43.4738125+09:00"
    },
    {
      "Query": "gmm",
      "ExecutedDateTime": "2023-01-14T16:52:51.5483722+09:00"
    },
    {
      "Query": "gmm 1",
      "ExecutedDateTime": "2023-01-14T16:52:56.4951824+09:00"
    },
    {
      "Query": "nmm alfred",
      "ExecutedDateTime": "2023-01-14T18:12:02.1384877+09:00"
    }
  ]
}