{
  "Items": [
    {
      "Query": "l",
      "ExecutedDateTime": "2023-01-13T17:56:04.4795653+09:00"
    },
    {
      "Query": "love",
      "ExecutedDateTime": "2023-01-13T17:56:08.4608305+09:00"
    },
    {
      "Query": "pm install FlowYouTube",
      "ExecutedDateTime": "2023-01-13T17:56:49.6317921+09:00"
    },
    {
      "Query": "youtu",
      "ExecutedDateTime": "2023-01-13T17:57:44.7821969+09:00"
    },
    {
      "Query": "youtube",
      "ExecutedDateTime": "2023-01-13T18:01:52.3997462+09:00"
    },
    {
      "Query": "love",
      "ExecutedDateTime": "2023-01-13T18:07:15.0518537+09:00"
    },
    {
      "Query": "gt i love you",
      "ExecutedDateTime": "2023-01-13T18:13:47.9568357+09:00"
    },
    {
      "Query": "\u315C\u3134 \uACF5\uC720\uAE30",
      "ExecutedDateTime": "2023-01-13T18:15:44.6590515+09:00"
    },
    {
      "Query": "\u315C\u3134 \uD504\uB9B0\uD130",
      "ExecutedDateTime": "2023-01-13T18:16:03.7954405+09:00"
    },
    {
      "Query": "\u3147\u3141 \uD504\uB9B0\uD130",
      "ExecutedDateTime": "2023-01-13T18:17:21.2036983+09:00"
    },
    {
      "Query": "\u3154\uBA64 \uAE40\uCE58",
      "ExecutedDateTime": "2023-01-13T18:36:04.0314865+09:00"
    },
    {
      "Query": "\u003Eipconfig",
      "ExecutedDateTime": "2023-01-13T18:38:25.674374+09:00"
    },
    {
      "Query": "\u003E ipconfig",
      "ExecutedDateTime": "2023-01-13T18:38:54.0677904+09:00"
    },
    {
      "Query": "\u003E tree",
      "ExecutedDateTime": "2023-01-13T18:39:31.1866925+09:00"
    },
    {
      "Query": "pm install Google Search Plus",
      "ExecutedDateTime": "2023-01-13T18:41:14.0674953+09:00"
    },
    {
      "Query": "pm install DuckDuckGo !bang",
      "ExecutedDateTime": "2023-01-13T18:42:38.1431396+09:00"
    }
  ]
}