{
  "Items": [
    {
      "Query": "vim",
      "ExecutedDateTime": "2023-01-14T15:48:43.4738125+09:00"
    },
    {
      "Query": "gmm",
      "ExecutedDateTime": "2023-01-14T16:52:51.5483722+09:00"
    },
    {
      "Query": "gmm 1",
      "ExecutedDateTime": "2023-01-14T16:52:56.4951824+09:00"
    },
    {
      "Query": "nmm alfred",
      "ExecutedDateTime": "2023-01-14T18:12:02.1384877+09:00"
    },
    {
      "Query": "\u315C\u3161\u3161 alfred",
      "ExecutedDateTime": "2023-01-14T18:15:01.0440208+09:00"
    },
    {
      "Query": "PnkBstrB.exe",
      "ExecutedDateTime": "2023-01-14T18:17:18.5786235+09:00"
    },
    {
      "Query": "dan lt720",
      "ExecutedDateTime": "2023-01-14T18:25:46.1949332+09:00"
    },
    {
      "Query": "dan \uBA54\uC26C\uD30C\uC774",
      "ExecutedDateTime": "2023-01-14T18:26:34.6820339+09:00"
    },
    {
      "Query": "\u3147\uBB34 13700",
      "ExecutedDateTime": "2023-01-14T18:28:21.272516+09:00"
    },
    {
      "Query": "gm \uB098\uACE0\uC57C",
      "ExecutedDateTime": "2023-01-15T10:49:42.5337509+09:00"
    },
    {
      "Query": "\u315B\u3145 \uB0C4\uBE44\uB69C\uAED1 \uC815\uB9AC",
      "ExecutedDateTime": "2023-01-15T11:03:58.2924916+09:00"
    },
    {
      "Query": "\u3147\uBB34 3m \uBB34\uD0C0\uACF5 \uC218\uAC74\uAC78\uC774",
      "ExecutedDateTime": "2023-01-15T11:08:15.5941669+09:00"
    },
    {
      "Query": "\u3147\uBB34 \uC774\uCF00\uC544 \uB0C4\uBE44\uB69C\uAED1 \uC815\uB9AC\uB300",
      "ExecutedDateTime": "2023-01-15T11:12:11.6419513+09:00"
    },
    {
      "Query": "\u3147\uBB34 \uD504\uB77C\uC774\uD32C \uC815\uB9AC\uB300",
      "ExecutedDateTime": "2023-01-15T11:21:40.4740362+09:00"
    },
    {
      "Query": "\u3147\uBB34 \uB192\uC774\uC870\uC808 \uD3ED\uC870\uC808 \uC8FC\uBC29\uC120\uBC18 1\uB2E8",
      "ExecutedDateTime": "2023-01-15T11:24:49.8245438+09:00"
    },
    {
      "Query": "sett",
      "ExecutedDateTime": "2023-01-15T11:30:46.2596494+09:00"
    },
    {
      "Query": "\u3150\u3153 \uC120\uBC18",
      "ExecutedDateTime": "2023-01-15T11:32:56.8093831+09:00"
    },
    {
      "Query": "\uCCB4 \uC120\uBC18",
      "ExecutedDateTime": "2023-01-15T11:33:09.0644704+09:00"
    },
    {
      "Query": "\u315B\u3145 \uC77C\uD68C\uC6A9 \uC816\uAC00\uB77D \uC815\uB9AC",
      "ExecutedDateTime": "2023-01-15T12:26:43.165494+09:00"
    },
    {
      "Query": "\uB178\uC158 \uC778\uC6A9 \uB2E8\uCD95\uD0A4",
      "ExecutedDateTime": "2023-01-15T12:31:46.1699186+09:00"
    },
    {
      "Query": "\uD0A4\uCE5C\uD0C0\uC6CC",
      "ExecutedDateTime": "2023-01-15T12:48:04.4032278+09:00"
    },
    {
      "Query": "\u3147\uBB34 \uD0A4\uCE5C\uD0C0\uC62C \uAC78\uC774",
      "ExecutedDateTime": "2023-01-15T12:48:13.3835516+09:00"
    },
    {
      "Query": "\uCCB4 \uD0A4\uCE5C\uD0C0\uC62C \uAC78\uC774",
      "ExecutedDateTime": "2023-01-15T12:55:47.5125252+09:00"
    },
    {
      "Query": "\uB178\uC158 \uC0C8\uD398\uC774\uC9C0 \uB9CC\uB4E4\uAE30 \uB2E8\uCD95\uD0A4",
      "ExecutedDateTime": "2023-01-15T13:10:30.3709906+09:00"
    },
    {
      "Query": "\u315B\u3145 \uC77C\uD68C\uC6A9\uC218\uC138\uBBF8",
      "ExecutedDateTime": "2023-01-15T13:39:30.0819318+09:00"
    },
    {
      "Query": "\u3147\uBB34 \uB0C4\uBE44\uC190\uC7A1\uC774",
      "ExecutedDateTime": "2023-01-15T13:49:40.5056792+09:00"
    },
    {
      "Query": "\u3147\uBB34 \uB0C4\uBE44 \uBD80\uD488",
      "ExecutedDateTime": "2023-01-15T13:50:04.6953147+09:00"
    },
    {
      "Query": "\u3147\uBB34 \uB0C4\uBE44 \uAF2E\uC9C0",
      "ExecutedDateTime": "2023-01-15T13:50:57.0709891+09:00"
    },
    {
      "Query": "\uCCB4 \uB0C4\uBE44\uAF2D\uC9C0",
      "ExecutedDateTime": "2023-01-15T13:58:20.6715962+09:00"
    },
    {
      "Query": "\uCCB4 \uC2A4\uD150 \uB0C4\uBE44\uAF2D\uC9C0",
      "ExecutedDateTime": "2023-01-15T14:01:02.3602549+09:00"
    },
    {
      "Query": "\uCCB4 \uD0A4\uCE5C\uD0C0\uC62C\uAC78\uC774 \uD0A4\uCE5C\uB799",
      "ExecutedDateTime": "2023-01-15T14:05:57.6090746+09:00"
    },
    {
      "Query": "\uCCB4 \uD0A4\uCE5C\uD0C0\uC62C\uAC78\uC774",
      "ExecutedDateTime": "2023-01-15T14:06:21.2555259+09:00"
    },
    {
      "Query": "\uD14C \uC6D0\uBAA9\uD0A4\uCE5C\uD0C0\uC62C \uD589\uAC70",
      "ExecutedDateTime": "2023-01-15T14:16:45.2964274+09:00"
    },
    {
      "Query": "\uCCB4 \uC6D0\uBAA9 \uD0A4\uCE5C\uD0C0\uC62C \uD589\uAC70",
      "ExecutedDateTime": "2023-01-15T14:17:01.9425849+09:00"
    },
    {
      "Query": "\uCCB4 \uB0C4\uBE44\uB69C\uAED1\uC815\uB9AC",
      "ExecutedDateTime": "2023-01-15T14:25:10.0093411+09:00"
    },
    {
      "Query": "\u315B\u3145 dusty pc clean",
      "ExecutedDateTime": "2023-01-15T14:36:51.0632276+09:00"
    },
    {
      "Query": "settin",
      "ExecutedDateTime": "2023-01-15T14:43:08.3518643+09:00"
    },
    {
      "Query": "\uB124\uC774\uBC84 \uC544\uC774\uCF54",
      "ExecutedDateTime": "2023-01-15T14:43:42.9042214+09:00"
    },
    {
      "Query": "\uB2E4\uC74C \uC544\uC774\uCF54",
      "ExecutedDateTime": "2023-01-15T14:45:02.454937+09:00"
    },
    {
      "Query": "\uB2E4\uC74C \uC544\uC774\uCF58",
      "ExecutedDateTime": "2023-01-15T14:45:11.0445448+09:00"
    },
    {
      "Query": "\uAD6C\uAE00\uC544\uC774\uCF58",
      "ExecutedDateTime": "2023-01-15T14:49:55.9042427+09:00"
    },
    {
      "Query": "\uB2E4\uB098\uC640 \uC544\uC774\uCF58 png",
      "ExecutedDateTime": "2023-01-15T14:51:36.5086125+09:00"
    },
    {
      "Query": "set",
      "ExecutedDateTime": "2023-01-15T15:15:35.8546709+09:00"
    },
    {
      "Query": "windows terminal execute path",
      "ExecutedDateTime": "2023-01-15T15:26:27.3610975+09:00"
    },
    {
      "Query": "windows terminal settings folder",
      "ExecutedDateTime": "2023-01-15T15:33:31.2567282+09:00"
    },
    {
      "Query": "notion callout",
      "ExecutedDateTime": "2023-01-15T15:36:42.8480605+09:00"
    },
    {
      "Query": "python icon",
      "ExecutedDateTime": "2023-01-15T15:49:27.7290895+09:00"
    },
    {
      "Query": "device management execute path",
      "ExecutedDateTime": "2023-01-15T15:53:28.4953332+09:00"
    },
    {
      "Query": "device and printers exe location",
      "ExecutedDateTime": "2023-01-15T16:04:59.9776347+09:00"
    },
    {
      "Query": "device manager icon",
      "ExecutedDateTime": "2023-01-15T16:46:29.2812743+09:00"
    },
    {
      "Query": "drive icon",
      "ExecutedDateTime": "2023-01-15T17:09:57.8070297+09:00"
    },
    {
      "Query": "g drive icon",
      "ExecutedDateTime": "2023-01-15T17:10:08.700477+09:00"
    },
    {
      "Query": "gs dr",
      "ExecutedDateTime": "2023-01-15T17:10:21.9487025+09:00"
    },
    {
      "Query": "gs drive icon",
      "ExecutedDateTime": "2023-01-15T17:10:39.3087612+09:00"
    },
    {
      "Query": "gi drive icon",
      "ExecutedDateTime": "2023-01-15T17:10:59.3201769+09:00"
    },
    {
      "Query": "windows network icon",
      "ExecutedDateTime": "2023-01-15T17:23:28.1683561+09:00"
    },
    {
      "Query": "sub",
      "ExecutedDateTime": "2023-01-15T17:24:33.9328884+09:00"
    },
    {
      "Query": "7z",
      "ExecutedDateTime": "2023-01-15T17:30:40.6374003+09:00"
    },
    {
      "Query": "flow launcher ev",
      "ExecutedDateTime": "2023-01-15T17:34:37.5421681+09:00"
    },
    {
      "Query": "shell32.dll.mun",
      "ExecutedDateTime": "2023-01-15T17:38:41.0534829+09:00"
    },
    {
      "Query": "IcoFX",
      "ExecutedDateTime": "2023-01-15T17:43:18.182642+09:00"
    },
    {
      "Query": "rtx a2000 vs 3060",
      "ExecutedDateTime": "2023-01-15T18:06:52.1017341+09:00"
    },
    {
      "Query": "p1000 vs a2000",
      "ExecutedDateTime": "2023-01-15T18:10:16.0362455+09:00"
    },
    {
      "Query": "\uC5ED\uC124\uC0AC \uAC8C\uC784",
      "ExecutedDateTime": "2023-01-15T18:27:08.8903372+09:00"
    },
    {
      "Query": "host icon",
      "ExecutedDateTime": "2023-01-15T18:30:58.4691311+09:00"
    },
    {
      "Query": "photo",
      "ExecutedDateTime": "2023-01-15T18:35:21.6452283+09:00"
    },
    {
      "Query": "everything",
      "ExecutedDateTime": "2023-01-15T18:47:02.6350254+09:00"
    },
    {
      "Query": "jupyter lab",
      "ExecutedDateTime": "2023-01-15T18:51:43.6108863+09:00"
    },
    {
      "Query": "mate terminal",
      "ExecutedDateTime": "2023-01-15T19:13:26.8997368+09:00"
    },
    {
      "Query": "terminator linux",
      "ExecutedDateTime": "2023-01-15T19:16:50.1083137+09:00"
    },
    {
      "Query": "set",
      "ExecutedDateTime": "2023-01-15T19:41:00.1316124+09:00"
    },
    {
      "Query": "git change branch name",
      "ExecutedDateTime": "2023-01-15T19:41:25.60358+09:00"
    },
    {
      "Query": "git how to delete git repo",
      "ExecutedDateTime": "2023-01-15T19:45:19.2292293+09:00"
    },
    {
      "Query": "how to change main to master in git",
      "ExecutedDateTime": "2023-01-15T20:00:36.8065011+09:00"
    },
    {
      "Query": "whpa icon",
      "ExecutedDateTime": "2023-01-15T20:12:18.2950951+09:00"
    },
    {
      "Query": "shutdown icon",
      "ExecutedDateTime": "2023-01-15T20:31:59.7231333+09:00"
    },
    {
      "Query": "defender icon",
      "ExecutedDateTime": "2023-01-15T20:35:15.0618149+09:00"
    },
    {
      "Query": "notepad\u002B\u002B \uAE00\uAF34\uCD94\uCC9C",
      "ExecutedDateTime": "2023-01-15T20:41:14.2787619+09:00"
    },
    {
      "Query": "notepad\u002B\u002B \uD55C\uAE00\uAE00\uAF34 \uC601\uBB38\uAE00\uAF34 \uB530\uB85C",
      "ExecutedDateTime": "2023-01-15T20:43:55.3010758+09:00"
    },
    {
      "Query": "notepad\u002B\u002B configura",
      "ExecutedDateTime": "2023-01-15T20:49:31.4718384+09:00"
    },
    {
      "Query": "xml tree v",
      "ExecutedDateTime": "2023-01-15T20:52:07.3404741+09:00"
    },
    {
      "Query": "yt vscode xml viewer",
      "ExecutedDateTime": "2023-01-15T20:56:56.9339695+09:00"
    },
    {
      "Query": "vs",
      "ExecutedDateTime": "2023-01-15T21:15:37.7398613+09:00"
    },
    {
      "Query": "\uB9D1\uC740\uACE0\uB515\uD3F0\uD2B8 \uC774\uB984",
      "ExecutedDateTime": "2023-01-15T21:18:05.1113095+09:00"
    },
    {
      "Query": "note",
      "ExecutedDateTime": "2023-01-15T21:39:18.7472829+09:00"
    },
    {
      "Query": "notepad\u002B\u002B",
      "ExecutedDateTime": "2023-01-15T21:40:35.3982528+09:00"
    },
    {
      "Query": "captiva yahoo icon",
      "ExecutedDateTime": "2023-01-15T22:35:53.2246969+09:00"
    },
    {
      "Query": "sett",
      "ExecutedDateTime": "2023-01-15T22:42:29.2481746+09:00"
    },
    {
      "Query": "\u315B\u3157\u315C \uBBFC",
      "ExecutedDateTime": "2023-01-15T22:43:24.9864361+09:00"
    },
    {
      "Query": "setting",
      "ExecutedDateTime": "2023-01-15T22:43:34.2628006+09:00"
    },
    {
      "Query": "yhn intel",
      "ExecutedDateTime": "2023-01-15T22:45:05.9713292+09:00"
    },
    {
      "Query": "\u315B\u3157\u315C \uC778\uD154",
      "ExecutedDateTime": "2023-01-15T22:45:18.0867177+09:00"
    },
    {
      "Query": "find icon",
      "ExecutedDateTime": "2023-01-16T08:38:26.0091302+09:00"
    },
    {
      "Query": "setting",
      "ExecutedDateTime": "2023-01-16T08:44:58.2922799+09:00"
    },
    {
      "Query": "\uBBF8\u3151 \uC0E4\uC624\uC2E0 \uB9C8\uC6B0\uC2A4",
      "ExecutedDateTime": "2023-01-16T08:51:09.548194+09:00"
    },
    {
      "Query": "setting",
      "ExecutedDateTime": "2023-01-16T08:51:48.2609974+09:00"
    },
    {
      "Query": "icon naver",
      "ExecutedDateTime": "2023-01-16T08:54:19.9025902+09:00"
    },
    {
      "Query": "\uB7B4\u315C\uC57C\uCC44\u315C \uB124\uC774\uBC84",
      "ExecutedDateTime": "2023-01-16T08:55:12.4891341+09:00"
    },
    {
      "Query": "\uBE0C\uB808\uC774\uBE0C\uBE0C\uB77C\uC6B0\uC800",
      "ExecutedDateTime": "2023-01-16T08:56:17.2326288+09:00"
    },
    {
      "Query": "\uBE0C\uB808\uC774\uBE0C\uBE0C\uB77C\uC6B0\uC800 \uAC80\uC0C9",
      "ExecutedDateTime": "2023-01-16T08:56:34.9534639+09:00"
    },
    {
      "Query": "brave browser icon",
      "ExecutedDateTime": "2023-01-16T08:57:53.4963563+09:00"
    },
    {
      "Query": "\u3160\u3131 \uC778\uD154",
      "ExecutedDateTime": "2023-01-16T09:00:15.6509116+09:00"
    },
    {
      "Query": "br intel",
      "ExecutedDateTime": "2023-01-16T09:00:24.7840435+09:00"
    },
    {
      "Query": "se",
      "ExecutedDateTime": "2023-01-16T09:01:32.4651788+09:00"
    },
    {
      "Query": "\uB7B4\u315C\uC57C\uCC44\u315C weather",
      "ExecutedDateTime": "2023-01-16T09:03:06.0185948+09:00"
    },
    {
      "Query": "\u315C\uBC0F \uC11C\uC6B8",
      "ExecutedDateTime": "2023-01-16T09:05:07.5546128+09:00"
    },
    {
      "Query": "\u315C\u3161 \uB098\uC8FC",
      "ExecutedDateTime": "2023-01-16T09:05:21.3923011+09:00"
    },
    {
      "Query": "\uBE59 \uC544\uC774\uCF58",
      "ExecutedDateTime": "2023-01-16T09:05:45.1540414+09:00"
    },
    {
      "Query": "se",
      "ExecutedDateTime": "2023-01-16T09:11:56.0652838+09:00"
    },
    {
      "Query": "\u3160\u3151\u315C\u314E \uAE40\uCE58",
      "ExecutedDateTime": "2023-01-16T09:14:17.3986018+09:00"
    },
    {
      "Query": "everything sendto",
      "ExecutedDateTime": "2023-01-16T09:29:36.2757992+09:00"
    },
    {
      "Query": "gm \uC57C\uCFE0\uCE20\uCFE0",
      "ExecutedDateTime": "2023-01-16T10:15:10.714951+09:00"
    },
    {
      "Query": "\uB098\uBB34",
      "ExecutedDateTime": "2023-01-16T11:11:14.8025249+09:00"
    },
    {
      "Query": "\uB098\uBB34 \uBCF4\uAD6C",
      "ExecutedDateTime": "2023-01-16T11:13:15.9686062+09:00"
    },
    {
      "Query": "\uB098\uBB34 \uD398\uC774\uD2B8",
      "ExecutedDateTime": "2023-01-16T11:13:22.2148719+09:00"
    },
    {
      "Query": "\uB098\uBB34 \uC548\uCCA0\uC218",
      "ExecutedDateTime": "2023-01-16T11:13:33.1700177+09:00"
    },
    {
      "Query": "bing intel",
      "ExecutedDateTime": "2023-01-16T11:22:41.0845644+09:00"
    },
    {
      "Query": "intel",
      "ExecutedDateTime": "2023-01-16T11:22:46.1975857+09:00"
    },
    {
      "Query": "gi intel",
      "ExecutedDateTime": "2023-01-16T11:23:51.61308+09:00"
    },
    {
      "Query": "yt \uD5C8\uC218\uC544\uBE44",
      "ExecutedDateTime": "2023-01-16T11:35:04.093833+09:00"
    },
    {
      "Query": "naa sip",
      "ExecutedDateTime": "2023-01-16T11:48:07.5983919+09:00"
    },
    {
      "Query": "nm \uC2E0\uB4DC\uB86C\uCE74\uD398",
      "ExecutedDateTime": "2023-01-16T12:14:14.2080108+09:00"
    },
    {
      "Query": "\uAE40\uAD00\uC9C4",
      "ExecutedDateTime": "2023-01-16T12:19:23.7571731+09:00"
    },
    {
      "Query": "windows mrt",
      "ExecutedDateTime": "2023-01-16T12:23:09.3871037+09:00"
    },
    {
      "Query": "nm \uCCAD\uC18C",
      "ExecutedDateTime": "2023-01-16T13:31:33.5207011+09:00"
    },
    {
      "Query": "\u3147\uBB34 \uC77C\uC790\uC2A4\uD2F1",
      "ExecutedDateTime": "2023-01-16T13:33:25.6506747+09:00"
    },
    {
      "Query": "\uCCB4 \uB9CC\uB2A5 \uC77C\uC790\uC2A4\uD2F1",
      "ExecutedDateTime": "2023-01-16T13:33:52.8378205+09:00"
    },
    {
      "Query": "ali case",
      "ExecutedDateTime": "2023-01-16T15:14:00.1128728+09:00"
    },
    {
      "Query": "dan \uB2E4\uC774\uC18C \uC555\uCD95\uBD09",
      "ExecutedDateTime": "2023-01-16T19:43:34.8608811+09:00"
    },
    {
      "Query": "\uCCB4 \uB2E4\uC774\uC18C \uC555\uCD95\uBD09",
      "ExecutedDateTime": "2023-01-16T19:44:27.3293119+09:00"
    },
    {
      "Query": "\uC73C \uC218\uC5B4\uB310",
      "ExecutedDateTime": "2023-01-16T19:47:26.8425731+09:00"
    },
    {
      "Query": "\u315B\u3145  Akiba Meido Sensou",
      "ExecutedDateTime": "2023-01-16T19:56:01.5614638+09:00"
    },
    {
      "Query": "\uACFC\uD0C4\uC0B0\uC18C\uB2E4 \uBB3C\uACFC\uBC18\uC751\uC2DC \uAE30\uCCB4",
      "ExecutedDateTime": "2023-01-16T20:06:57.8024056+09:00"
    },
    {
      "Query": "yt \uCE74\uAC78",
      "ExecutedDateTime": "2023-01-17T05:55:57.3016599+09:00"
    },
    {
      "Query": "\u315B\u3145 \uC0D8\uD0A4\uC988 \uC218\uB0A9\uC7A5",
      "ExecutedDateTime": "2023-01-17T06:18:39.9393973+09:00"
    },
    {
      "Query": "\u315B\u3145 keepass",
      "ExecutedDateTime": "2023-01-17T06:45:34.595833+09:00"
    },
    {
      "Query": "how to change access database password",
      "ExecutedDateTime": "2023-01-17T07:00:24.2434005+09:00"
    },
    {
      "Query": "acc",
      "ExecutedDateTime": "2023-01-17T07:04:48.7314072+09:00"
    },
    {
      "Query": "g potplayer",
      "ExecutedDateTime": "2023-01-17T10:15:13.2202815+09:00"
    },
    {
      "Query": "yt 3\uBD84\uD734\uC9C0",
      "ExecutedDateTime": "2023-01-17T10:25:11.9735976+09:00"
    },
    {
      "Query": "av \uC720\uD29C\uBC84",
      "ExecutedDateTime": "2023-01-17T10:25:44.8724145+09:00"
    },
    {
      "Query": "duck \uC624\uAD6C\uB77C\uC720\uB098",
      "ExecutedDateTime": "2023-01-17T10:26:28.3603181+09:00"
    },
    {
      "Query": "duck trip for fuck",
      "ExecutedDateTime": "2023-01-17T10:31:10.9213245+09:00"
    },
    {
      "Query": "duck \uD754\uC801\uC774 \uC548\uB0A8\uB294 \uBE0C\uB77C\uC6B0\uC800",
      "ExecutedDateTime": "2023-01-17T10:45:11.172472+09:00"
    },
    {
      "Query": "\uC5EC\uCC28 \uB355\uB355\uACE0",
      "ExecutedDateTime": "2023-01-17T10:46:34.446717+09:00"
    },
    {
      "Query": "\uC5EC\uCC28 \uD1A0\uB974\uBE0C\uB77C\uC6B0\uC800 \uC5F0\uACA8",
      "ExecutedDateTime": "2023-01-17T10:54:18.2273074+09:00"
    },
    {
      "Query": "\uC5EC\uCC28 Tor Browser still cannot connect",
      "ExecutedDateTime": "2023-01-17T10:56:29.750626+09:00"
    },
    {
      "Query": "\uC5EC\uCC28 \uC790\uB3D9\uC73C\uB85C \uCFE0\uD0A4 \uC9C0\uC6CC\uC8FC\uB294 \uBE0C\uB77C\uC6B0\uC800",
      "ExecutedDateTime": "2023-01-17T11:05:15.3253668+09:00"
    },
    {
      "Query": "\uC5EC\uCC28 search engine ran",
      "ExecutedDateTime": "2023-01-17T11:14:50.8981065+09:00"
    },
    {
      "Query": "duck yandex",
      "ExecutedDateTime": "2023-01-17T11:17:15.6997105+09:00"
    },
    {
      "Query": "duck yandex \uC758 \uC704\uD5D8",
      "ExecutedDateTime": "2023-01-17T11:18:04.4527224+09:00"
    },
    {
      "Query": "how to command default webbrowser",
      "ExecutedDateTime": "2023-01-17T11:34:37.7482832+09:00"
    },
    {
      "Query": "cmd",
      "ExecutedDateTime": "2023-01-17T11:37:27.2005385+09:00"
    },
    {
      "Query": "rege",
      "ExecutedDateTime": "2023-01-17T11:45:41.3759041+09:00"
    },
    {
      "Query": "runtime",
      "ExecutedDateTime": "2023-01-17T11:56:08.2987267+09:00"
    },
    {
      "Query": "avast secure for mac",
      "ExecutedDateTime": "2023-01-17T11:58:44.8945748+09:00"
    },
    {
      "Query": "duck brave",
      "ExecutedDateTime": "2023-01-17T12:01:25.6203135+09:00"
    },
    {
      "Query": "cmd",
      "ExecutedDateTime": "2023-01-17T12:03:27.5181438+09:00"
    },
    {
      "Query": "brav",
      "ExecutedDateTime": "2023-01-17T12:06:05.9022447+09:00"
    },
    {
      "Query": "dd",
      "ExecutedDateTime": "2023-01-17T12:10:22.886769+09:00"
    },
    {
      "Query": "\uBC18\uB514\uC9D1 \uC555\uCD95 \uCEE4\uB9E8\uB4DC\uB77C\uC778",
      "ExecutedDateTime": "2023-01-17T12:13:07.3923784+09:00"
    },
    {
      "Query": "\uCE35",
      "ExecutedDateTime": "2023-01-17T12:15:31.1307968+09:00"
    },
    {
      "Query": "cmd",
      "ExecutedDateTime": "2023-01-17T12:15:34.7967572+09:00"
    },
    {
      "Query": "best zip tool for windows",
      "ExecutedDateTime": "2023-01-17T12:20:47.7567546+09:00"
    },
    {
      "Query": "how to zip folder by command line in winrar",
      "ExecutedDateTime": "2023-01-17T12:22:08.1077906+09:00"
    },
    {
      "Query": "cmd",
      "ExecutedDateTime": "2023-01-17T12:27:19.3876259+09:00"
    },
    {
      "Query": "sub",
      "ExecutedDateTime": "2023-01-17T12:37:23.5785538+09:00"
    },
    {
      "Query": "dos batch file",
      "ExecutedDateTime": "2023-01-17T12:38:41.5079069+09:00"
    },
    {
      "Query": "batch file if file exist",
      "ExecutedDateTime": "2023-01-17T12:41:00.2418248+09:00"
    },
    {
      "Query": "cmd",
      "ExecutedDateTime": "2023-01-17T12:42:53.7300518+09:00"
    },
    {
      "Query": "subl",
      "ExecutedDateTime": "2023-01-17T12:59:29.1442683+09:00"
    },
    {
      "Query": "cmd",
      "ExecutedDateTime": "2023-01-17T13:03:04.1714979+09:00"
    },
    {
      "Query": "windows 10 path not applied",
      "ExecutedDateTime": "2023-01-17T13:06:06.7356495+09:00"
    },
    {
      "Query": "cmd",
      "ExecutedDateTime": "2023-01-17T13:07:09.4475153+09:00"
    },
    {
      "Query": "rege",
      "ExecutedDateTime": "2023-01-17T13:09:04.5593944+09:00"
    },
    {
      "Query": "cmd",
      "ExecutedDateTime": "2023-01-17T13:31:23.7463247+09:00"
    },
    {
      "Query": "cmder",
      "ExecutedDateTime": "2023-01-17T13:48:09.3618267+09:00"
    },
    {
      "Query": "cmd",
      "ExecutedDateTime": "2023-01-17T13:48:15.0171236+09:00"
    },
    {
      "Query": "add path",
      "ExecutedDateTime": "2023-01-17T13:48:44.1519974+09:00"
    },
    {
      "Query": "cmder",
      "ExecutedDateTime": "2023-01-17T13:54:01.2740472+09:00"
    },
    {
      "Query": "best console emulator for windows",
      "ExecutedDateTime": "2023-01-17T13:54:31.3352876+09:00"
    },
    {
      "Query": "se",
      "ExecutedDateTime": "2023-01-17T13:58:15.6092821+09:00"
    },
    {
      "Query": "cmder",
      "ExecutedDateTime": "2023-01-17T13:59:57.3845183+09:00"
    },
    {
      "Query": "failed to copy vendor",
      "ExecutedDateTime": "2023-01-17T14:00:31.4476905+09:00"
    },
    {
      "Query": "se",
      "ExecutedDateTime": "2023-01-17T14:01:22.4668243+09:00"
    },
    {
      "Query": "cmder",
      "ExecutedDateTime": "2023-01-17T14:11:49.1771108+09:00"
    },
    {
      "Query": "clink download",
      "ExecutedDateTime": "2023-01-17T14:42:02.1135725+09:00"
    },
    {
      "Query": "cmder",
      "ExecutedDateTime": "2023-01-17T14:44:25.0162608+09:00"
    },
    {
      "Query": "Clink initilization has failed with error code: 0",
      "ExecutedDateTime": "2023-01-17T14:44:51.7731977+09:00"
    },
    {
      "Query": "cmder",
      "ExecutedDateTime": "2023-01-17T14:54:53.709716+09:00"
    },
    {
      "Query": "cmdr",
      "ExecutedDateTime": "2023-01-17T14:57:52.7351346+09:00"
    },
    {
      "Query": "cmder",
      "ExecutedDateTime": "2023-01-17T15:07:56.109261+09:00"
    },
    {
      "Query": "cmd",
      "ExecutedDateTime": "2023-01-17T15:08:48.9231749+09:00"
    },
    {
      "Query": "cmder",
      "ExecutedDateTime": "2023-01-17T15:10:34.5972536+09:00"
    },
    {
      "Query": "cmd",
      "ExecutedDateTime": "2023-01-17T15:21:16.8719619+09:00"
    },
    {
      "Query": "cmder",
      "ExecutedDateTime": "2023-01-17T15:23:16.884811+09:00"
    },
    {
      "Query": "g cmder",
      "ExecutedDateTime": "2023-01-17T15:25:03.7979584+09:00"
    },
    {
      "Query": "cmder",
      "ExecutedDateTime": "2023-01-17T15:34:09.036159+09:00"
    },
    {
      "Query": "cmd",
      "ExecutedDateTime": "2023-01-17T15:34:49.7727988+09:00"
    },
    {
      "Query": "cmder",
      "ExecutedDateTime": "2023-01-17T15:40:00.2439627+09:00"
    },
    {
      "Query": "cmd",
      "ExecutedDateTime": "2023-01-17T15:46:55.7218267+09:00"
    },
    {
      "Query": "cmder",
      "ExecutedDateTime": "2023-01-17T15:51:38.750466+09:00"
    },
    {
      "Query": "cmd",
      "ExecutedDateTime": "2023-01-17T15:53:29.051326+09:00"
    },
    {
      "Query": "cmder",
      "ExecutedDateTime": "2023-01-17T15:54:47.3334952+09:00"
    },
    {
      "Query": "%CMDER_CONFIG_DIR%",
      "ExecutedDateTime": "2023-01-17T15:55:43.3870807+09:00"
    },
    {
      "Query": "cmder",
      "ExecutedDateTime": "2023-01-17T16:05:44.2361615+09:00"
    },
    {
      "Query": "dan \uC804\uC5F4\uAE30\uC6A9 \uBA40\uD2F0\uD0DC",
      "ExecutedDateTime": "2023-01-17T16:23:06.3207634+09:00"
    },
    {
      "Query": "cmder",
      "ExecutedDateTime": "2023-01-17T16:38:15.3452201+09:00"
    },
    {
      "Query": "vim for windows",
      "ExecutedDateTime": "2023-01-17T16:39:20.9524936+09:00"
    },
    {
      "Query": "vim90 x64",
      "ExecutedDateTime": "2023-01-17T16:39:59.3680423+09:00"
    },
    {
      "Query": "This release includes signed files",
      "ExecutedDateTime": "2023-01-17T16:42:37.5204196+09:00"
    },
    {
      "Query": "vim",
      "ExecutedDateTime": "2023-01-17T16:50:28.7926961+09:00"
    },
    {
      "Query": "gvim",
      "ExecutedDateTime": "2023-01-17T16:51:33.3527173+09:00"
    },
    {
      "Query": "vscode",
      "ExecutedDateTime": "2023-01-17T17:57:35.2245421+09:00"
    },
    {
      "Query": "python",
      "ExecutedDateTime": "2023-01-17T17:58:19.6376368+09:00"
    },
    {
      "Query": "g python",
      "ExecutedDateTime": "2023-01-17T17:58:26.9885568+09:00"
    },
    {
      "Query": "how to copy all file in a folder using command",
      "ExecutedDateTime": "2023-01-17T18:02:34.110417+09:00"
    },
    {
      "Query": "cmd",
      "ExecutedDateTime": "2023-01-17T18:06:45.7974185+09:00"
    },
    {
      "Query": "dos batch file remark",
      "ExecutedDateTime": "2023-01-17T18:09:28.9316136+09:00"
    },
    {
      "Query": "cmd",
      "ExecutedDateTime": "2023-01-17T18:43:40.2923275+09:00"
    },
    {
      "Query": "batch command line input",
      "ExecutedDateTime": "2023-01-17T19:12:53.693222+09:00"
    },
    {
      "Query": "batch what is shift",
      "ExecutedDateTime": "2023-01-17T19:26:09.5645569+09:00"
    },
    {
      "Query": "ac",
      "ExecutedDateTime": "2023-01-17T19:51:40.6247562+09:00"
    },
    {
      "Query": "How to copy files without overwrite warnings in xcopy",
      "ExecutedDateTime": "2023-01-17T20:25:31.3640871+09:00"
    },
    {
      "Query": "icon keylock",
      "ExecutedDateTime": "2023-01-17T20:27:49.8457828+09:00"
    },
    {
      "Query": "how to windows batch file with command line argument",
      "ExecutedDateTime": "2023-01-18T09:39:14.4768868+09:00"
    },
    {
      "Query": "windows batch script .pdf",
      "ExecutedDateTime": "2023-01-18T09:44:34.7469384+09:00"
    },
    {
      "Query": "windows batch variable",
      "ExecutedDateTime": "2023-01-18T10:25:07.3293506+09:00"
    },
    {
      "Query": "subl",
      "ExecutedDateTime": "2023-01-18T10:34:59.7283194+09:00"
    },
    {
      "Query": "dan \uD074\uB80C\uC9D5 \uD2F0\uC288",
      "ExecutedDateTime": "2023-01-18T11:54:37.9309766+09:00"
    },
    {
      "Query": "\uCCB4 \uBBF8\uAC10\uC218 \uD2F0\uC288",
      "ExecutedDateTime": "2023-01-18T12:00:21.7077866+09:00"
    },
    {
      "Query": "how to use doskey",
      "ExecutedDateTime": "2023-01-18T12:14:36.5892379+09:00"
    },
    {
      "Query": "findstr",
      "ExecutedDateTime": "2023-01-18T12:41:13.3011728+09:00"
    },
    {
      "Query": "findstr /sin min",
      "ExecutedDateTime": "2023-01-18T12:41:29.4854551+09:00"
    },
    {
      "Query": "findstr",
      "ExecutedDateTime": "2023-01-18T12:41:44.4691577+09:00"
    },
    {
      "Query": "subl",
      "ExecutedDateTime": "2023-01-18T13:04:31.4956509+09:00"
    },
    {
      "Query": "bash",
      "ExecutedDateTime": "2023-01-18T13:25:12.1698819+09:00"
    },
    {
      "Query": "how to install vscode color theme",
      "ExecutedDateTime": "2023-01-18T13:31:38.921916+09:00"
    },
    {
      "Query": "vs",
      "ExecutedDateTime": "2023-01-18T13:42:11.4438967+09:00"
    },
    {
      "Query": "bash",
      "ExecutedDateTime": "2023-01-18T13:49:27.2045281+09:00"
    },
    {
      "Query": "git bash profile",
      "ExecutedDateTime": "2023-01-18T13:54:44.2856533+09:00"
    },
    {
      "Query": "dan d500",
      "ExecutedDateTime": "2023-01-18T14:32:35.783617+09:00"
    },
    {
      "Query": "dm \uC774\uC11C\uD734\uAC8C\uC18C",
      "ExecutedDateTime": "2023-01-18T14:38:43.0294564+09:00"
    },
    {
      "Query": "\uC73C \uC774\uC11C\uD734\uAC8C\uC18C",
      "ExecutedDateTime": "2023-01-18T14:38:52.2735872+09:00"
    },
    {
      "Query": "\u315C\u3161\u3161 \u3141",
      "ExecutedDateTime": "2023-01-18T14:41:34.5043449+09:00"
    },
    {
      "Query": "\uB098\uBB34 \uB8E8\uC774\uC988",
      "ExecutedDateTime": "2023-01-18T14:44:26.8358458+09:00"
    },
    {
      "Query": "\u3147\uBB34 \uD6C4\uB4DC\uCCAD\uC18C",
      "ExecutedDateTime": "2023-01-18T14:52:11.8373968+09:00"
    },
    {
      "Query": "\u3147\uBB34 \uAE30\uB984\uB54C \uC81C\uAC70",
      "ExecutedDateTime": "2023-01-18T14:53:15.6420303+09:00"
    },
    {
      "Query": "\u3147\uBB34 \uACFC\uD0C4\uC0B0\uC18C\uB2E4",
      "ExecutedDateTime": "2023-01-18T14:59:16.7658395+09:00"
    },
    {
      "Query": "\u3147\uBB34 \uBCA0\uC774\uD0B9\uC18C\uB2E4",
      "ExecutedDateTime": "2023-01-18T14:59:33.9322861+09:00"
    },
    {
      "Query": "\u3147\uBB34 \uBABD\uBE14 \uAE30\uB984\uB54C\uC81C\uAC70",
      "ExecutedDateTime": "2023-01-18T14:59:59.8670416+09:00"
    },
    {
      "Query": "\u3147\uBB34 \uC624\uBE10\uD06C\uB9AC\uB108",
      "ExecutedDateTime": "2023-01-18T15:00:17.564147+09:00"
    },
    {
      "Query": "\u3147\uBB34 \uBC30\uC218\uAD00 \uC138\uC815\uC81C",
      "ExecutedDateTime": "2023-01-18T15:00:38.2744198+09:00"
    },
    {
      "Query": "\uD750 \uAC00\uACE0\uC2DC\uB9C8",
      "ExecutedDateTime": "2023-01-18T15:05:19.5252087+09:00"
    },
    {
      "Query": "github batch command line  example",
      "ExecutedDateTime": "2023-01-18T15:10:52.6610128+09:00"
    },
    {
      "Query": "yt bitwarden",
      "ExecutedDateTime": "2023-01-18T15:23:30.4817524+09:00"
    },
    {
      "Query": "virustotal",
      "ExecutedDateTime": "2023-01-18T15:50:43.6276199+09:00"
    },
    {
      "Query": "how to thumnail view by keyboard shortcut windows 10",
      "ExecutedDateTime": "2023-01-18T15:58:40.5236581+09:00"
    },
    {
      "Query": "subl",
      "ExecutedDateTime": "2023-01-18T16:04:23.6526883+09:00"
    },
    {
      "Query": "code",
      "ExecutedDateTime": "2023-01-18T16:04:48.0835013+09:00"
    },
    {
      "Query": "gvim",
      "ExecutedDateTime": "2023-01-18T16:06:29.1082967+09:00"
    },
    {
      "Query": "\uB85C\uC2DC\uB09C\uD14C",
      "ExecutedDateTime": "2023-01-18T16:36:32.6505163+09:00"
    },
    {
      "Query": "\uC73C \uC138\uC885\uD2B9\uBCC4\uC790\uCE58\uC2DC \uC870\uCE58\uC6D0\uC74D \uBC88\uC554\uB9AC 41-8",
      "ExecutedDateTime": "2023-01-18T17:32:03.1475889+09:00"
    },
    {
      "Query": "\u3147\uBB34 LENOVO ThinkCentre M73 Tiny PC",
      "ExecutedDateTime": "2023-01-18T18:00:21.2754345+09:00"
    },
    {
      "Query": "cmd",
      "ExecutedDateTime": "2023-01-18T18:20:14.1545778+09:00"
    },
    {
      "Query": "nmm m",
      "ExecutedDateTime": "2023-01-18T18:25:24.0580878+09:00"
    },
    {
      "Query": "batch nested if",
      "ExecutedDateTime": "2023-01-18T18:55:04.6249629+09:00"
    },
    {
      "Query": "icon restore",
      "ExecutedDateTime": "2023-01-18T18:59:53.9591813+09:00"
    },
    {
      "Query": "dan \uC2A4\uD300\uB301",
      "ExecutedDateTime": "2023-01-18T19:26:43.4387084+09:00"
    },
    {
      "Query": "steamdeck",
      "ExecutedDateTime": "2023-01-18T19:27:09.5685807+09:00"
    },
    {
      "Query": "dan \uAD6C\uC2A4\uD398\uB9AC 7\uD3EC\uD2B8",
      "ExecutedDateTime": "2023-01-18T19:35:51.8191376+09:00"
    },
    {
      "Query": "ns \uAD6C\uC2A4\uD398\uB9AC 7\uD3EC\uD2B8",
      "ExecutedDateTime": "2023-01-18T19:36:11.817573+09:00"
    },
    {
      "Query": "hdmi 10",
      "ExecutedDateTime": "2023-01-18T19:51:31.5108103+09:00"
    },
    {
      "Query": "dan hdmi 10",
      "ExecutedDateTime": "2023-01-18T19:51:46.635442+09:00"
    },
    {
      "Query": "dm \uC804\uB77C\uBD81\uB3C4 \uAE40\uC81C\uC2DC \uAE08\uC0B0\uBA74 \uBAA8\uC545\uB85C 460-7",
      "ExecutedDateTime": "2023-01-18T19:54:56.7636219+09:00"
    },
    {
      "Query": "icon local",
      "ExecutedDateTime": "2023-01-18T20:06:01.6298702+09:00"
    },
    {
      "Query": "\uAC8C\uC774\uD2B8 \uADF8\uC758\uB545\uC5D0\uC11C \uC774\uCC98\uB7FC \uC2F8\uC6B0\uBA70",
      "ExecutedDateTime": "2023-01-18T20:28:24.49996+09:00"
    },
    {
      "Query": "\u3151\u3154",
      "ExecutedDateTime": "2023-01-18T20:41:50.7251595+09:00"
    },
    {
      "Query": "Novotelecom",
      "ExecutedDateTime": "2023-01-18T20:43:40.9526827+09:00"
    },
    {
      "Query": "libtorrent",
      "ExecutedDateTime": "2023-01-18T20:46:23.209816+09:00"
    },
    {
      "Query": "dan JSAUX",
      "ExecutedDateTime": "2023-01-18T21:02:01.5748626+09:00"
    },
    {
      "Query": "dan \uB808\uB4DC\uB9E4\uC9C18 \uD504\uB85C",
      "ExecutedDateTime": "2023-01-19T09:51:10.7094018+09:00"
    },
    {
      "Query": "ali \uB808\uB4DC\uB9E4\uC9C18 \uD504\uB85C",
      "ExecutedDateTime": "2023-01-19T09:51:32.8637123+09:00"
    },
    {
      "Query": "gm uae",
      "ExecutedDateTime": "2023-01-19T10:01:15.0071772+09:00"
    },
    {
      "Query": "cmder",
      "ExecutedDateTime": "2023-01-19T10:07:19.127873+09:00"
    },
    {
      "Query": "pycharm",
      "ExecutedDateTime": "2023-01-19T11:24:09.6213268+09:00"
    },
    {
      "Query": "gm \uC601\uC0B0\uAC15",
      "ExecutedDateTime": "2023-01-19T11:38:54.4223817+09:00"
    },
    {
      "Query": "\uD55C\uAE00\uC9C0\uC6D0 \uCF54\uB529\uD3F0\uD2B8",
      "ExecutedDateTime": "2023-01-19T11:42:44.5148242+09:00"
    },
    {
      "Query": "git scm",
      "ExecutedDateTime": "2023-01-19T11:44:19.9999639+09:00"
    },
    {
      "Query": "anaconda",
      "ExecutedDateTime": "2023-01-19T11:46:04.3597825+09:00"
    },
    {
      "Query": "yt \uBD80\uBD80 \uC774\uC0C1, \uC5F0\uC778 \uBBF8\uB9CC",
      "ExecutedDateTime": "2023-01-19T12:02:41.8029511+09:00"
    },
    {
      "Query": "yt RPG\u4E0D\u52D5\u7523",
      "ExecutedDateTime": "2023-01-19T12:03:25.9508932+09:00"
    },
    {
      "Query": "vs",
      "ExecutedDateTime": "2023-01-19T14:51:59.3001952+09:00"
    },
    {
      "Query": "powered by notepad",
      "ExecutedDateTime": "2023-01-19T15:27:25.0771252+09:00"
    },
    {
      "Query": "\u3147\uBB34 \uB9AC\uD37C",
      "ExecutedDateTime": "2023-01-19T16:06:25.6169577+09:00"
    },
    {
      "Query": "\uACE0\uAD6C\uB9C8\uC19C",
      "ExecutedDateTime": "2023-01-19T16:12:30.172733+09:00"
    },
    {
      "Query": "\uD750 \uC544\uD504\uCE78",
      "ExecutedDateTime": "2023-01-19T16:57:14.1409485+09:00"
    },
    {
      "Query": "\uCCB4 \uC74C\uC2DD\uBB3C \uC4F0\uB808\uAE30\uD1B5",
      "ExecutedDateTime": "2023-01-19T17:16:13.4543589+09:00"
    },
    {
      "Query": "\u3147\uBB34 \uC74C\uC2DD\uBB3C \uC4F0\uB808\uAE30\uD1B5",
      "ExecutedDateTime": "2023-01-19T17:17:42.1688352+09:00"
    },
    {
      "Query": "\u3147\uBB34 \uC2A4\uD150 \uB4E4\uD1B5",
      "ExecutedDateTime": "2023-01-19T17:25:23.2816821+09:00"
    },
    {
      "Query": "\uCCB4 \uC2A4\uD150\uB4E4\uD1B5",
      "ExecutedDateTime": "2023-01-19T17:26:19.5913775+09:00"
    }
  ]
}