{
  "Items": [
    {
      "Query": "cmd",
      "ExecutedDateTime": "2023-01-18T18:20:14.1545778+09:00"
    },
    {
      "Query": "nmm m",
      "ExecutedDateTime": "2023-01-18T18:25:24.0580878+09:00"
    },
    {
      "Query": "batch nested if",
      "ExecutedDateTime": "2023-01-18T18:55:04.6249629+09:00"
    },
    {
      "Query": "icon restore",
      "ExecutedDateTime": "2023-01-18T18:59:53.9591813+09:00"
    },
    {
      "Query": "dan \uC2A4\uD300\uB301",
      "ExecutedDateTime": "2023-01-18T19:26:43.4387084+09:00"
    },
    {
      "Query": "steamdeck",
      "ExecutedDateTime": "2023-01-18T19:27:09.5685807+09:00"
    },
    {
      "Query": "dan \uAD6C\uC2A4\uD398\uB9AC 7\uD3EC\uD2B8",
      "ExecutedDateTime": "2023-01-18T19:35:51.8191376+09:00"
    },
    {
      "Query": "ns \uAD6C\uC2A4\uD398\uB9AC 7\uD3EC\uD2B8",
      "ExecutedDateTime": "2023-01-18T19:36:11.817573+09:00"
    },
    {
      "Query": "hdmi 10",
      "ExecutedDateTime": "2023-01-18T19:51:31.5108103+09:00"
    },
    {
      "Query": "dan hdmi 10",
      "ExecutedDateTime": "2023-01-18T19:51:46.635442+09:00"
    },
    {
      "Query": "dm \uC804\uB77C\uBD81\uB3C4 \uAE40\uC81C\uC2DC \uAE08\uC0B0\uBA74 \uBAA8\uC545\uB85C 460-7",
      "ExecutedDateTime": "2023-01-18T19:54:56.7636219+09:00"
    },
    {
      "Query": "icon local",
      "ExecutedDateTime": "2023-01-18T20:06:01.6298702+09:00"
    },
    {
      "Query": "\uAC8C\uC774\uD2B8 \uADF8\uC758\uB545\uC5D0\uC11C \uC774\uCC98\uB7FC \uC2F8\uC6B0\uBA70",
      "ExecutedDateTime": "2023-01-18T20:28:24.49996+09:00"
    },
    {
      "Query": "\u3151\u3154",
      "ExecutedDateTime": "2023-01-18T20:41:50.7251595+09:00"
    },
    {
      "Query": "Novotelecom",
      "ExecutedDateTime": "2023-01-18T20:43:40.9526827+09:00"
    },
    {
      "Query": "libtorrent",
      "ExecutedDateTime": "2023-01-18T20:46:23.209816+09:00"
    },
    {
      "Query": "dan JSAUX",
      "ExecutedDateTime": "2023-01-18T21:02:01.5748626+09:00"
    },
    {
      "Query": "dan \uB808\uB4DC\uB9E4\uC9C18 \uD504\uB85C",
      "ExecutedDateTime": "2023-01-19T09:51:10.7094018+09:00"
    },
    {
      "Query": "ali \uB808\uB4DC\uB9E4\uC9C18 \uD504\uB85C",
      "ExecutedDateTime": "2023-01-19T09:51:32.8637123+09:00"
    },
    {
      "Query": "gm uae",
      "ExecutedDateTime": "2023-01-19T10:01:15.0071772+09:00"
    },
    {
      "Query": "cmder",
      "ExecutedDateTime": "2023-01-19T10:07:19.127873+09:00"
    },
    {
      "Query": "pycharm",
      "ExecutedDateTime": "2023-01-19T11:24:09.6213268+09:00"
    },
    {
      "Query": "gm \uC601\uC0B0\uAC15",
      "ExecutedDateTime": "2023-01-19T11:38:54.4223817+09:00"
    },
    {
      "Query": "\uD55C\uAE00\uC9C0\uC6D0 \uCF54\uB529\uD3F0\uD2B8",
      "ExecutedDateTime": "2023-01-19T11:42:44.5148242+09:00"
    },
    {
      "Query": "git scm",
      "ExecutedDateTime": "2023-01-19T11:44:19.9999639+09:00"
    },
    {
      "Query": "anaconda",
      "ExecutedDateTime": "2023-01-19T11:46:04.3597825+09:00"
    },
    {
      "Query": "yt \uBD80\uBD80 \uC774\uC0C1, \uC5F0\uC778 \uBBF8\uB9CC",
      "ExecutedDateTime": "2023-01-19T12:02:41.8029511+09:00"
    },
    {
      "Query": "yt RPG\u4E0D\u52D5\u7523",
      "ExecutedDateTime": "2023-01-19T12:03:25.9508932+09:00"
    },
    {
      "Query": "vs",
      "ExecutedDateTime": "2023-01-19T14:51:59.3001952+09:00"
    },
    {
      "Query": "powered by notepad",
      "ExecutedDateTime": "2023-01-19T15:27:25.0771252+09:00"
    },
    {
      "Query": "\u3147\uBB34 \uB9AC\uD37C",
      "ExecutedDateTime": "2023-01-19T16:06:25.6169577+09:00"
    },
    {
      "Query": "\uACE0\uAD6C\uB9C8\uC19C",
      "ExecutedDateTime": "2023-01-19T16:12:30.172733+09:00"
    },
    {
      "Query": "\uD750 \uC544\uD504\uCE78",
      "ExecutedDateTime": "2023-01-19T16:57:14.1409485+09:00"
    },
    {
      "Query": "\uCCB4 \uC74C\uC2DD\uBB3C \uC4F0\uB808\uAE30\uD1B5",
      "ExecutedDateTime": "2023-01-19T17:16:13.4543589+09:00"
    },
    {
      "Query": "\u3147\uBB34 \uC74C\uC2DD\uBB3C \uC4F0\uB808\uAE30\uD1B5",
      "ExecutedDateTime": "2023-01-19T17:17:42.1688352+09:00"
    },
    {
      "Query": "\u3147\uBB34 \uC2A4\uD150 \uB4E4\uD1B5",
      "ExecutedDateTime": "2023-01-19T17:25:23.2816821+09:00"
    },
    {
      "Query": "\uCCB4 \uC2A4\uD150\uB4E4\uD1B5",
      "ExecutedDateTime": "2023-01-19T17:26:19.5913775+09:00"
    },
    {
      "Query": "dm \uBC88\uC554\uACF5\uB2E8 1\uAE38 21",
      "ExecutedDateTime": "2023-01-20T08:59:06.412912+09:00"
    },
    {
      "Query": "how to remove right click",
      "ExecutedDateTime": "2023-01-20T10:11:52.9054762+09:00"
    },
    {
      "Query": "run as tools",
      "ExecutedDateTime": "2023-01-20T10:47:32.1445138+09:00"
    },
    {
      "Query": "yt how to use easy context menu",
      "ExecutedDateTime": "2023-01-20T11:18:55.8248356+09:00"
    },
    {
      "Query": "how to assign file to easy context menu",
      "ExecutedDateTime": "2023-01-20T11:35:15.3063465+09:00"
    },
    {
      "Query": "fontyam",
      "ExecutedDateTime": "2023-01-20T11:53:53.4535623+09:00"
    },
    {
      "Query": "yt how to use file menu tool",
      "ExecutedDateTime": "2023-01-20T12:03:57.41393+09:00"
    },
    {
      "Query": "gvim maxi",
      "ExecutedDateTime": "2023-01-20T13:22:35.0201455+09:00"
    },
    {
      "Query": "gvim how to open window center",
      "ExecutedDateTime": "2023-01-20T13:32:09.9203929+09:00"
    },
    {
      "Query": "icon easy context menu",
      "ExecutedDateTime": "2023-01-20T14:18:21.7615057+09:00"
    },
    {
      "Query": "set",
      "ExecutedDateTime": "2023-01-20T14:20:22.7568908+09:00"
    },
    {
      "Query": "findicon menu",
      "ExecutedDateTime": "2023-01-20T14:25:10.0160144+09:00"
    },
    {
      "Query": "icon menu",
      "ExecutedDateTime": "2023-01-20T14:28:58.5333818+09:00"
    },
    {
      "Query": "tw memory test",
      "ExecutedDateTime": "2023-01-20T14:32:05.7424129+09:00"
    },
    {
      "Query": "memtest86",
      "ExecutedDateTime": "2023-01-20T14:33:01.7990081+09:00"
    },
    {
      "Query": "yt \uC138\uB2E4\uB9AC",
      "ExecutedDateTime": "2023-01-20T14:35:53.7276981+09:00"
    },
    {
      "Query": "tm5",
      "ExecutedDateTime": "2023-01-20T14:36:58.2210288+09:00"
    },
    {
      "Query": "dm \uC138\uC885\uC2DC \uC870\uCE58\uC6D0\uC74D \uBC88\uC554\uACF5\uB2E8 1\uAE38 21",
      "ExecutedDateTime": "2023-01-20T15:07:30.8243005+09:00"
    },
    {
      "Query": "how to copy text in vim",
      "ExecutedDateTime": "2023-01-20T15:25:25.5104255+09:00"
    },
    {
      "Query": "develop.nss",
      "ExecutedDateTime": "2023-01-20T15:48:31.9184667+09:00"
    },
    {
      "Query": "gh develop.nss",
      "ExecutedDateTime": "2023-01-20T15:50:14.0790724+09:00"
    },
    {
      "Query": "notepad \uD55C\uAE00\uC778\uCF54\uB529",
      "ExecutedDateTime": "2023-01-20T16:04:24.7981802+09:00"
    },
    {
      "Query": "wincmd.ini setencoding",
      "ExecutedDateTime": "2023-01-20T16:25:02.651877+09:00"
    },
    {
      "Query": "%appdata%",
      "ExecutedDateTime": "2023-01-20T16:58:26.9065674+09:00"
    },
    {
      "Query": "totalcommander file color",
      "ExecutedDateTime": "2023-01-20T17:55:35.5639688+09:00"
    },
    {
      "Query": "syn.exe",
      "ExecutedDateTime": "2023-01-20T19:27:56.7247151+09:00"
    },
    {
      "Query": "totalcmd syn2",
      "ExecutedDateTime": "2023-01-20T19:33:29.4256832+09:00"
    },
    {
      "Query": "how to winrar totalcmd packer",
      "ExecutedDateTime": "2023-01-20T20:35:21.0293492+09:00"
    },
    {
      "Query": "dan LG 32UQ850W",
      "ExecutedDateTime": "2023-01-20T21:11:23.6426988+09:00"
    },
    {
      "Query": "icon copy path",
      "ExecutedDateTime": "2023-01-20T21:12:27.5903873+09:00"
    },
    {
      "Query": "totalcommander associations ini file",
      "ExecutedDateTime": "2023-01-20T21:37:42.6875502+09:00"
    },
    {
      "Query": "gh associations.ini",
      "ExecutedDateTime": "2023-01-20T21:39:03.4051507+09:00"
    },
    {
      "Query": "se",
      "ExecutedDateTime": "2023-01-20T21:39:48.6707873+09:00"
    },
    {
      "Query": "gist associations.ini",
      "ExecutedDateTime": "2023-01-20T21:40:08.7476734+09:00"
    },
    {
      "Query": "infranview",
      "ExecutedDateTime": "2023-01-20T21:44:13.7633227+09:00"
    },
    {
      "Query": "how to set jpg image open in windows10",
      "ExecutedDateTime": "2023-01-20T22:04:02.4123425+09:00"
    },
    {
      "Query": "how to change default image app in windows 10 by command line",
      "ExecutedDateTime": "2023-01-20T22:08:06.8179046+09:00"
    },
    {
      "Query": "rege",
      "ExecutedDateTime": "2023-01-20T22:38:39.4786752+09:00"
    },
    {
      "Query": "total commander infranview",
      "ExecutedDateTime": "2023-01-20T23:20:20.4436516+09:00"
    },
    {
      "Query": "total commander infranview plugin \u0022invalid path\u0022",
      "ExecutedDateTime": "2023-01-20T23:33:18.2969812+09:00"
    },
    {
      "Query": "infranview",
      "ExecutedDateTime": "2023-01-20T23:39:09.1713676+09:00"
    },
    {
      "Query": "nah roaming",
      "ExecutedDateTime": "2023-01-21T09:26:24.0908919+09:00"
    },
    {
      "Query": "nae roaming",
      "ExecutedDateTime": "2023-01-21T09:26:47.4908965+09:00"
    },
    {
      "Query": "ICanNote.exe",
      "ExecutedDateTime": "2023-01-21T09:36:22.2357042+09:00"
    },
    {
      "Query": "hitomi downloader",
      "ExecutedDateTime": "2023-01-21T09:39:42.7411655+09:00"
    },
    {
      "Query": "potplayer",
      "ExecutedDateTime": "2023-01-21T10:30:46.3967397+09:00"
    },
    {
      "Query": "\uD55C\uCEF4\uD0C0\uC790\uC5F0\uC2B5",
      "ExecutedDateTime": "2023-01-21T11:25:43.3244988+09:00"
    },
    {
      "Query": "winget",
      "ExecutedDateTime": "2023-01-21T12:21:50.1455746+09:00"
    },
    {
      "Query": "msstore download slow",
      "ExecutedDateTime": "2023-01-21T12:31:45.8791599+09:00"
    },
    {
      "Query": "winget pickpick",
      "ExecutedDateTime": "2023-01-21T13:28:07.9674607+09:00"
    },
    {
      "Query": "nzbget",
      "ExecutedDateTime": "2023-01-21T13:38:48.9912003+09:00"
    },
    {
      "Query": "naa manifest",
      "ExecutedDateTime": "2023-01-21T13:43:03.3952693+09:00"
    },
    {
      "Query": "yt how to use nzbget",
      "ExecutedDateTime": "2023-01-21T13:47:10.4502662+09:00"
    },
    {
      "Query": "usenetserver",
      "ExecutedDateTime": "2023-01-21T14:08:38.2656585+09:00"
    },
    {
      "Query": "thiojoe discord",
      "ExecutedDateTime": "2023-01-21T14:15:51.220315+09:00"
    },
    {
      "Query": "winget",
      "ExecutedDateTime": "2023-01-21T14:24:45.8379315+09:00"
    },
    {
      "Query": "yt suside",
      "ExecutedDateTime": "2023-01-21T14:27:23.1118246+09:00"
    },
    {
      "Query": "suside editor",
      "ExecutedDateTime": "2023-01-21T14:27:40.7536256+09:00"
    },
    {
      "Query": "nae recoil",
      "ExecutedDateTime": "2023-01-21T14:56:50.4406971+09:00"
    },
    {
      "Query": "na rycolis",
      "ExecutedDateTime": "2023-01-21T14:57:00.8131208+09:00"
    },
    {
      "Query": "naa rycolis",
      "ExecutedDateTime": "2023-01-21T14:57:11.9331254+09:00"
    },
    {
      "Query": "nae rycolis",
      "ExecutedDateTime": "2023-01-21T14:57:28.8207897+09:00"
    },
    {
      "Query": "nae lycoris",
      "ExecutedDateTime": "2023-01-21T14:57:41.0905465+09:00"
    },
    {
      "Query": "dan \uD32C\uCF58\uD2B8\uB864\uB7EC",
      "ExecutedDateTime": "2023-01-21T15:11:50.0247914+09:00"
    },
    {
      "Query": "\u3147\uBB34 \uC368\uBA40\uB77C\uC774\uD2B8",
      "ExecutedDateTime": "2023-01-21T15:13:06.2354948+09:00"
    },
    {
      "Query": "\u3147\uBB34 \uD314\uB77C\uB518400",
      "ExecutedDateTime": "2023-01-21T15:13:40.4827151+09:00"
    },
    {
      "Query": "MSI KOMBUSTER",
      "ExecutedDateTime": "2023-01-21T15:14:43.4743864+09:00"
    },
    {
      "Query": "MSI KOMBUSTER - BenchMark Tool",
      "ExecutedDateTime": "2023-01-21T15:16:20.2101253+09:00"
    },
    {
      "Query": "best windows packa",
      "ExecutedDateTime": "2023-01-21T15:21:03.0189825+09:00"
    },
    {
      "Query": "unable to load choco",
      "ExecutedDateTime": "2023-01-21T15:28:21.1380208+09:00"
    },
    {
      "Query": "cmd",
      "ExecutedDateTime": "2023-01-21T15:28:55.5849582+09:00"
    },
    {
      "Query": ".NET 4.5.2",
      "ExecutedDateTime": "2023-01-21T15:34:13.6738695+09:00"
    },
    {
      "Query": "how to install cho",
      "ExecutedDateTime": "2023-01-21T15:36:44.6637165+09:00"
    },
    {
      "Query": "subl",
      "ExecutedDateTime": "2023-01-21T15:39:41.5029975+09:00"
    },
    {
      "Query": "scoop",
      "ExecutedDateTime": "2023-01-21T15:53:43.2473509+09:00"
    },
    {
      "Query": "nae scoop",
      "ExecutedDateTime": "2023-01-21T15:53:50.7954976+09:00"
    },
    {
      "Query": "everything treesize",
      "ExecutedDateTime": "2023-01-21T15:59:48.9727185+09:00"
    },
    {
      "Query": "how to search everything in flowlauncher",
      "ExecutedDateTime": "2023-01-21T16:00:39.4841175+09:00"
    },
    {
      "Query": "se",
      "ExecutedDateTime": "2023-01-21T16:01:51.6115323+09:00"
    },
    {
      "Query": "set",
      "ExecutedDateTime": "2023-01-21T16:08:57.0542299+09:00"
    },
    {
      "Query": "bash",
      "ExecutedDateTime": "2023-01-21T16:23:21.5348548+09:00"
    },
    {
      "Query": "sett",
      "ExecutedDateTime": "2023-01-21T16:23:46.1730173+09:00"
    },
    {
      "Query": "bas",
      "ExecutedDateTime": "2023-01-21T16:24:04.7122114+09:00"
    },
    {
      "Query": "power",
      "ExecutedDateTime": "2023-01-21T16:24:25.0398614+09:00"
    },
    {
      "Query": "ever",
      "ExecutedDateTime": "2023-01-21T16:32:20.463794+09:00"
    },
    {
      "Query": "gm \uC0AC\uB77C\uBD09",
      "ExecutedDateTime": "2023-01-21T16:52:21.6656267+09:00"
    },
    {
      "Query": "dm \uC0AC\uB77C\uBD09",
      "ExecutedDateTime": "2023-01-21T16:52:40.9555547+09:00"
    },
    {
      "Query": "subl",
      "ExecutedDateTime": "2023-01-21T16:53:23.76295+09:00"
    },
    {
      "Query": "\uAC10\uC625\uD559\uC6D0",
      "ExecutedDateTime": "2023-01-21T17:26:23.5955038+09:00"
    },
    {
      "Query": "how to use alias in total commander",
      "ExecutedDateTime": "2023-01-21T17:53:13.7656881+09:00"
    },
    {
      "Query": "dan \uB79C\uD3EC\uD2B8",
      "ExecutedDateTime": "2023-01-21T18:22:30.2583972+09:00"
    },
    {
      "Query": "how to get file from windows store",
      "ExecutedDateTime": "2023-01-21T18:22:46.9172407+09:00"
    },
    {
      "Query": "yt lan",
      "ExecutedDateTime": "2023-01-21T18:22:54.3403058+09:00"
    },
    {
      "Query": "ev find",
      "ExecutedDateTime": "2023-01-21T18:23:13.3644964+09:00"
    },
    {
      "Query": "tcqsp.exe",
      "ExecutedDateTime": "2023-01-21T18:30:56.5175252+09:00"
    },
    {
      "Query": "%commander_path%",
      "ExecutedDateTime": "2023-01-21T18:40:08.4917225+09:00"
    },
    {
      "Query": "yt alfred jm",
      "ExecutedDateTime": "2023-01-21T18:54:58.7101382+09:00"
    },
    {
      "Query": "nm \uC11C\uC728",
      "ExecutedDateTime": "2023-01-21T18:59:10.4154741+09:00"
    },
    {
      "Query": "gm \uB374\uB9C8\uD06C",
      "ExecutedDateTime": "2023-01-21T18:59:20.2796457+09:00"
    },
    {
      "Query": "cp \uB2E4\uC774\uC18C",
      "ExecutedDateTime": "2023-01-21T18:59:44.7762914+09:00"
    },
    {
      "Query": "se",
      "ExecutedDateTime": "2023-01-21T19:00:11.3891064+09:00"
    },
    {
      "Query": "cmd",
      "ExecutedDateTime": "2023-01-21T19:02:40.9706471+09:00"
    },
    {
      "Query": "wt",
      "ExecutedDateTime": "2023-01-21T19:02:50.1578122+09:00"
    },
    {
      "Query": "cmd",
      "ExecutedDateTime": "2023-01-21T19:02:58.9199196+09:00"
    },
    {
      "Query": "totalcmd usercmd.ini",
      "ExecutedDateTime": "2023-01-21T19:25:13.7907921+09:00"
    },
    {
      "Query": "ever",
      "ExecutedDateTime": "2023-01-21T19:29:08.8032837+09:00"
    },
    {
      "Query": "subl",
      "ExecutedDateTime": "2023-01-21T19:54:02.8611665+09:00"
    },
    {
      "Query": "total command shortcut windows not working",
      "ExecutedDateTime": "2023-01-21T21:15:18.8280126+09:00"
    },
    {
      "Query": "dan  BC711",
      "ExecutedDateTime": "2023-01-22T06:33:14.3408412+09:00"
    },
    {
      "Query": "dan pm991",
      "ExecutedDateTime": "2023-01-22T06:34:41.2716359+09:00"
    },
    {
      "Query": "power",
      "ExecutedDateTime": "2023-01-22T07:24:06.2965371+09:00"
    },
    {
      "Query": "cmd",
      "ExecutedDateTime": "2023-01-22T07:25:46.3271795+09:00"
    },
    {
      "Query": "yt how to use ntfs links in total commander",
      "ExecutedDateTime": "2023-01-22T13:52:23.2266521+09:00"
    },
    {
      "Query": "manifest",
      "ExecutedDateTime": "2023-01-22T14:01:38.6647616+09:00"
    },
    {
      "Query": "winlame",
      "ExecutedDateTime": "2023-01-22T14:06:42.3475528+09:00"
    },
    {
      "Query": "yt 360p",
      "ExecutedDateTime": "2023-01-22T14:19:42.3194665+09:00"
    },
    {
      "Query": "webm player",
      "ExecutedDateTime": "2023-01-22T14:21:18.9665196+09:00"
    },
    {
      "Query": "media pl",
      "ExecutedDateTime": "2023-01-22T14:21:40.2780377+09:00"
    },
    {
      "Query": "yt how to use yotube-dl",
      "ExecutedDateTime": "2023-01-22T15:21:48.0680422+09:00"
    },
    {
      "Query": "toutube-dl",
      "ExecutedDateTime": "2023-01-22T15:23:00.9653539+09:00"
    },
    {
      "Query": "youtube-dl gui",
      "ExecutedDateTime": "2023-01-22T15:34:11.1826091+09:00"
    },
    {
      "Query": "command prompt \uC5D0\uC11C \uC0AC\uC6A9\uAC00\uB2A5\uD55C \uAE00\uAF34\uCD94\uCC9C",
      "ExecutedDateTime": "2023-01-22T15:54:49.6163792+09:00"
    },
    {
      "Query": "rege",
      "ExecutedDateTime": "2023-01-22T15:55:53.2506044+09:00"
    },
    {
      "Query": "reg",
      "ExecutedDateTime": "2023-01-22T15:59:55.7243806+09:00"
    },
    {
      "Query": "rege",
      "ExecutedDateTime": "2023-01-22T16:21:07.1294138+09:00"
    },
    {
      "Query": "how to change to capital letters in sublime",
      "ExecutedDateTime": "2023-01-22T16:24:38.906504+09:00"
    },
    {
      "Query": "mono font download",
      "ExecutedDateTime": "2023-01-22T16:35:22.0417606+09:00"
    },
    {
      "Query": "reg",
      "ExecutedDateTime": "2023-01-22T16:43:18.6488325+09:00"
    },
    {
      "Query": "power",
      "ExecutedDateTime": "2023-01-22T16:52:39.7940125+09:00"
    },
    {
      "Query": "ffmpeg",
      "ExecutedDateTime": "2023-01-22T16:54:12.5128005+09:00"
    },
    {
      "Query": "how to pass current path to total commander",
      "ExecutedDateTime": "2023-01-22T18:03:51.1940337+09:00"
    },
    {
      "Query": "how to set doskey in command prompt",
      "ExecutedDateTime": "2023-01-22T18:21:03.0096461+09:00"
    },
    {
      "Query": "rege",
      "ExecutedDateTime": "2023-01-22T18:34:45.4539071+09:00"
    },
    {
      "Query": "doskey comment",
      "ExecutedDateTime": "2023-01-22T18:49:30.2389372+09:00"
    },
    {
      "Query": "ev ls.exe",
      "ExecutedDateTime": "2023-01-22T19:20:27.5632561+09:00"
    },
    {
      "Query": "doskey alias/reload",
      "ExecutedDateTime": "2023-01-22T19:41:31.9568581+09:00"
    },
    {
      "Query": "doskey alias unload all",
      "ExecutedDateTime": "2023-01-22T20:35:30.9935161+09:00"
    },
    {
      "Query": "what is dd.exe",
      "ExecutedDateTime": "2023-01-22T20:44:07.8616413+09:00"
    },
    {
      "Query": "how to reboot flowlauncher",
      "ExecutedDateTime": "2023-01-22T20:54:27.488709+09:00"
    },
    {
      "Query": "se",
      "ExecutedDateTime": "2023-01-22T20:55:37.9756246+09:00"
    },
    {
      "Query": "res",
      "ExecutedDateTime": "2023-01-22T20:56:14.802234+09:00"
    },
    {
      "Query": "Artweaver.exe",
      "ExecutedDateTime": "2023-01-22T21:06:08.5334007+09:00"
    },
    {
      "Query": "%~pnxa",
      "ExecutedDateTime": "2023-01-22T21:11:08.0921324+09:00"
    },
    {
      "Query": "for /f batch",
      "ExecutedDateTime": "2023-01-22T21:15:37.4023109+09:00"
    },
    {
      "Query": "how to multi line in for batch",
      "ExecutedDateTime": "2023-01-22T21:43:20.0031306+09:00"
    },
    {
      "Query": "multiline for",
      "ExecutedDateTime": "2023-01-22T21:45:33.3358964+09:00"
    },
    {
      "Query": "how to windows terminal font",
      "ExecutedDateTime": "2023-01-22T21:53:20.1611507+09:00"
    },
    {
      "Query": "sample windows terminal json setting",
      "ExecutedDateTime": "2023-01-22T21:54:59.3742724+09:00"
    },
    {
      "Query": "how to set windows terminal screen size",
      "ExecutedDateTime": "2023-01-22T21:59:35.0327044+09:00"
    },
    {
      "Query": "wt",
      "ExecutedDateTime": "2023-01-22T22:00:16.5128425+09:00"
    },
    {
      "Query": "ever",
      "ExecutedDateTime": "2023-01-22T22:02:09.2455215+09:00"
    },
    {
      "Query": "how to open windows terminal main screen",
      "ExecutedDateTime": "2023-01-22T22:03:29.4571575+09:00"
    },
    {
      "Query": "how to open windows terminal second monitor",
      "ExecutedDateTime": "2023-01-22T22:22:01.4492582+09:00"
    },
    {
      "Query": "window manager settings windows10",
      "ExecutedDateTime": "2023-01-22T22:23:27.0311782+09:00"
    },
    {
      "Query": "json coment",
      "ExecutedDateTime": "2023-01-22T22:32:23.0641942+09:00"
    },
    {
      "Query": "cmder",
      "ExecutedDateTime": "2023-01-22T22:44:46.0725154+09:00"
    },
    {
      "Query": "tcc.exe",
      "ExecutedDateTime": "2023-01-22T23:05:08.9062022+09:00"
    },
    {
      "Query": "icon download",
      "ExecutedDateTime": "2023-01-22T23:51:03.6410886+09:00"
    },
    {
      "Query": "ls command",
      "ExecutedDateTime": "2023-01-23T00:10:58.0954063+09:00"
    },
    {
      "Query": "how to cmd.exe windows center",
      "ExecutedDateTime": "2023-01-23T00:13:51.6444352+09:00"
    },
    {
      "Query": "cmderr",
      "ExecutedDateTime": "2023-01-23T09:29:16.0565466+09:00"
    },
    {
      "Query": "cmder",
      "ExecutedDateTime": "2023-01-23T09:45:17.3236629+09:00"
    },
    {
      "Query": "cmder \u0022\u0027git --version\u0027 returned an improper version string\u0022",
      "ExecutedDateTime": "2023-01-23T09:49:56.2478091+09:00"
    },
    {
      "Query": "c",
      "ExecutedDateTime": "2023-01-23T10:26:25.9954971+09:00"
    },
    {
      "Query": "se",
      "ExecutedDateTime": "2023-01-23T10:26:34.2741658+09:00"
    },
    {
      "Query": "cmder",
      "ExecutedDateTime": "2023-01-23T10:27:13.5425144+09:00"
    },
    {
      "Query": "\uC544\uC774\uCF54\uB2E4",
      "ExecutedDateTime": "2023-01-23T10:54:45.7288978+09:00"
    },
    {
      "Query": "\uC870\uC774\uC81C",
      "ExecutedDateTime": "2023-01-23T10:55:45.8049643+09:00"
    },
    {
      "Query": "\uC870\uC774\uC820",
      "ExecutedDateTime": "2023-01-23T10:55:53.7307304+09:00"
    },
    {
      "Query": "\uD0B4\uC2A4\uD074\uB7EC",
      "ExecutedDateTime": "2023-01-23T10:56:16.924189+09:00"
    },
    {
      "Query": "\uC544\uC2F8\uCEE4",
      "ExecutedDateTime": "2023-01-23T10:58:52.0385553+09:00"
    },
    {
      "Query": "dell \uC1FC\uD551\uBAB0",
      "ExecutedDateTime": "2023-01-23T11:04:29.8381548+09:00"
    },
    {
      "Query": "how to setup wsl2",
      "ExecutedDateTime": "2023-01-23T11:16:13.1911286+09:00"
    },
    {
      "Query": "res",
      "ExecutedDateTime": "2023-01-23T11:22:27.6280613+09:00"
    },
    {
      "Query": "reg",
      "ExecutedDateTime": "2023-01-23T11:39:15.5570436+09:00"
    },
    {
      "Query": "res",
      "ExecutedDateTime": "2023-01-23T11:41:19.2001971+09:00"
    },
    {
      "Query": "wsl \uC124\uCE58\uD6C4 \uD574\uC57C\uD560\uC77C",
      "ExecutedDateTime": "2023-01-23T12:03:05.2144755+09:00"
    },
    {
      "Query": "after job wsl install",
      "ExecutedDateTime": "2023-01-23T12:03:55.9732549+09:00"
    },
    {
      "Query": "fzf",
      "ExecutedDateTime": "2023-01-23T12:15:11.1242131+09:00"
    },
    {
      "Query": "fzf.exe",
      "ExecutedDateTime": "2023-01-23T12:16:40.8755275+09:00"
    },
    {
      "Query": "fzf",
      "ExecutedDateTime": "2023-01-23T12:29:21.2993955+09:00"
    },
    {
      "Query": "wsl ubuntu base windows folder",
      "ExecutedDateTime": "2023-01-23T12:35:48.1206405+09:00"
    },
    {
      "Query": "how to change totalcommander all file show",
      "ExecutedDateTime": "2023-01-23T12:39:49.9907414+09:00"
    },
    {
      "Query": "ever",
      "ExecutedDateTime": "2023-01-23T12:43:08.7173073+09:00"
    },
    {
      "Query": "reg",
      "ExecutedDateTime": "2023-01-23T12:45:00.5835995+09:00"
    },
    {
      "Query": "compact vdisk automation script",
      "ExecutedDateTime": "2023-01-23T12:54:26.1983299+09:00"
    },
    {
      "Query": "powershell automation script extension",
      "ExecutedDateTime": "2023-01-23T12:58:06.1136504+09:00"
    },
    {
      "Query": "how to powershell cd",
      "ExecutedDateTime": "2023-01-23T13:00:40.2700998+09:00"
    },
    {
      "Query": "zsh \uC124\uC815",
      "ExecutedDateTime": "2023-01-23T13:11:51.2114031+09:00"
    },
    {
      "Query": "how to windows terminal ubuntu theme",
      "ExecutedDateTime": "2023-01-23T13:20:11.6168998+09:00"
    },
    {
      "Query": "how to install python in wsl2",
      "ExecutedDateTime": "2023-01-23T13:57:13.8672709+09:00"
    },
    {
      "Query": "xdg-open-wsl",
      "ExecutedDateTime": "2023-01-23T14:03:03.4019724+09:00"
    },
    {
      "Query": "how to add path in zsh",
      "ExecutedDateTime": "2023-01-23T14:18:45.0874517+09:00"
    },
    {
      "Query": "sublime",
      "ExecutedDateTime": "2023-01-23T14:41:41.210451+09:00"
    },
    {
      "Query": "how to show path in gitbash",
      "ExecutedDateTime": "2023-01-23T14:51:35.4081735+09:00"
    },
    {
      "Query": "how to see path in gitbash",
      "ExecutedDateTime": "2023-01-23T15:01:05.1992684+09:00"
    },
    {
      "Query": "how to install zsh on git bash",
      "ExecutedDateTime": "2023-01-23T15:06:54.9108383+09:00"
    },
    {
      "Query": "icon git",
      "ExecutedDateTime": "2023-01-23T15:13:37.1477233+09:00"
    },
    {
      "Query": "alias zshconfig=\u0022mate ~/.zshrc\u0022",
      "ExecutedDateTime": "2023-01-23T15:49:41.2638341+09:00"
    },
    {
      "Query": "how to cd c/Program Files/Git/ gitbash",
      "ExecutedDateTime": "2023-01-23T16:05:02.228218+09:00"
    },
    {
      "Query": "how to fzf in gitbash",
      "ExecutedDateTime": "2023-01-23T16:17:28.1377225+09:00"
    },
    {
      "Query": "fzf install",
      "ExecutedDateTime": "2023-01-23T16:20:26.5836629+09:00"
    },
    {
      "Query": "why fzf does not run in gitbash",
      "ExecutedDateTime": "2023-01-23T16:24:35.1330401+09:00"
    },
    {
      "Query": "how to sublime default to bash",
      "ExecutedDateTime": "2023-01-23T17:07:58.5999606+09:00"
    },
    {
      "Query": "subl",
      "ExecutedDateTime": "2023-01-23T17:33:29.3047654+09:00"
    },
    {
      "Query": "sublime package not show in the menu",
      "ExecutedDateTime": "2023-01-23T17:35:12.0175605+09:00"
    },
    {
      "Query": "how to run .py file in",
      "ExecutedDateTime": "2023-01-23T17:54:40.4315498+09:00"
    },
    {
      "Query": "ever",
      "ExecutedDateTime": "2023-01-23T18:16:10.5247152+09:00"
    },
    {
      "Query": "dan a770",
      "ExecutedDateTime": "2023-01-23T19:08:52.8355412+09:00"
    },
    {
      "Query": "what is p4merge",
      "ExecutedDateTime": "2023-01-23T19:11:48.9271897+09:00"
    },
    {
      "Query": "\uB808\uD2B8\uB85C\uD2B8 ?",
      "ExecutedDateTime": "2023-01-23T19:23:11.1267784+09:00"
    },
    {
      "Query": "how to doskey call other batch file",
      "ExecutedDateTime": "2023-01-23T19:35:51.2604177+09:00"
    },
    {
      "Query": "how to set env variables in doskey",
      "ExecutedDateTime": "2023-01-23T20:11:00.0168058+09:00"
    },
    {
      "Query": "doskey inva",
      "ExecutedDateTime": "2023-01-23T20:12:44.4273931+09:00"
    },
    {
      "Query": "ever",
      "ExecutedDateTime": "2023-01-23T20:14:58.4680139+09:00"
    },
    {
      "Query": "how to set path variable in windows batch",
      "ExecutedDateTime": "2023-01-23T20:26:38.5097919+09:00"
    },
    {
      "Query": "res",
      "ExecutedDateTime": "2023-01-23T21:02:04.693101+09:00"
    },
    {
      "Query": "how to use doskey",
      "ExecutedDateTime": "2023-01-23T21:30:35.647604+09:00"
    },
    {
      "Query": "how to run program in backgroundmode in windows",
      "ExecutedDateTime": "2023-01-24T08:15:52.0240854+09:00"
    },
    {
      "Query": "doskey invalid macro definition",
      "ExecutedDateTime": "2023-01-24T08:33:27.5155044+09:00"
    },
    {
      "Query": "how to comment in cmd file",
      "ExecutedDateTime": "2023-01-24T08:38:57.9092187+09:00"
    },
    {
      "Query": "how to standdard out to nul in cmd",
      "ExecutedDateTime": "2023-01-24T08:53:46.5827395+09:00"
    },
    {
      "Query": "fzf",
      "ExecutedDateTime": "2023-01-24T09:02:55.4188494+09:00"
    },
    {
      "Query": "how to vim with fzf in windows",
      "ExecutedDateTime": "2023-01-24T09:04:11.9301172+09:00"
    },
    {
      "Query": "how to use fzf in vim",
      "ExecutedDateTime": "2023-01-24T09:15:56.3381054+09:00"
    },
    {
      "Query": "git --version\u0027 returned an improper version string",
      "ExecutedDateTime": "2023-01-24T10:12:54.7042781+09:00"
    },
    {
      "Query": "cmder",
      "ExecutedDateTime": "2023-01-24T10:15:38.2117017+09:00"
    },
    {
      "Query": "is cmder 32bit or 64bit",
      "ExecutedDateTime": "2023-01-24T10:16:05.6271685+09:00"
    },
    {
      "Query": "how to check running applicaton 32bit or 64bit",
      "ExecutedDateTime": "2023-01-24T10:21:00.667495+09:00"
    },
    {
      "Query": "how to search text in text file app",
      "ExecutedDateTime": "2023-01-24T10:24:40.5063868+09:00"
    },
    {
      "Query": "text search from file windows app",
      "ExecutedDateTime": "2023-01-24T10:27:56.6431487+09:00"
    },
    {
      "Query": "how to escap sublime text command mode",
      "ExecutedDateTime": "2023-01-24T10:46:52.8824379+09:00"
    },
    {
      "Query": "usebackq",
      "ExecutedDateTime": "2023-01-24T10:51:04.2799166+09:00"
    },
    {
      "Query": "2^\u003Enul",
      "ExecutedDateTime": "2023-01-24T10:52:50.6547247+09:00"
    },
    {
      "Query": "tokens=1,2,3 usebackq",
      "ExecutedDateTime": "2023-01-24T10:54:05.6781947+09:00"
    },
    {
      "Query": "how to execute command in for loop batch file",
      "ExecutedDateTime": "2023-01-24T10:58:40.7582277+09:00"
    },
    {
      "Query": "how to sublime \u0022\u0022",
      "ExecutedDateTime": "2023-01-24T11:04:29.7500434+09:00"
    },
    {
      "Query": "sublime package surround",
      "ExecutedDateTime": "2023-01-24T11:10:28.1632674+09:00"
    },
    {
      "Query": "how to for in in (\u0060type \u0022%temp%\\git_version.txt\u0022 2^\u003Enul\u0060)",
      "ExecutedDateTime": "2023-01-24T11:39:49.5050359+09:00"
    },
    {
      "Query": "pushd \u0022%~1\u0022",
      "ExecutedDateTime": "2023-01-24T12:06:48.1000996+09:00"
    },
    {
      "Query": "ss64.com pdf",
      "ExecutedDateTime": "2023-01-24T12:27:13.9685009+09:00"
    },
    {
      "Query": "vi duplicate one line",
      "ExecutedDateTime": "2023-01-24T12:32:16.6188303+09:00"
    },
    {
      "Query": "sublime goto linenumber",
      "ExecutedDateTime": "2023-01-24T13:28:32.1770332+09:00"
    },
    {
      "Query": "how to echo special character in batch file",
      "ExecutedDateTime": "2023-01-24T13:35:13.8648249+09:00"
    },
    {
      "Query": "how to chr(10) in cmd file",
      "ExecutedDateTime": "2023-01-24T13:55:31.1402456+09:00"
    },
    {
      "Query": "vimprove package for sublime",
      "ExecutedDateTime": "2023-01-24T15:09:59.9579672+09:00"
    },
    {
      "Query": "yt Terminus for sublime",
      "ExecutedDateTime": "2023-01-24T15:23:59.6953955+09:00"
    },
    {
      "Query": "sublime theme",
      "ExecutedDateTime": "2023-01-24T15:24:50.2428062+09:00"
    },
    {
      "Query": "how to make batch file build system in sublime",
      "ExecutedDateTime": "2023-01-24T16:02:30.9298648+09:00"
    },
    {
      "Query": "how to build system with terminus out",
      "ExecutedDateTime": "2023-01-24T17:39:39.839674+09:00"
    },
    {
      "Query": "how to change directory in sublime text",
      "ExecutedDateTime": "2023-01-24T18:12:06.4972841+09:00"
    },
    {
      "Query": "yt fuzzyfilenav in sublime",
      "ExecutedDateTime": "2023-01-24T18:45:52.9759743+09:00"
    },
    {
      "Query": "evr",
      "ExecutedDateTime": "2023-01-24T19:14:42.4634648+09:00"
    },
    {
      "Query": "sublime text how to see current working directory",
      "ExecutedDateTime": "2023-01-24T19:50:28.8483825+09:00"
    },
    {
      "Query": "sublime text commandline option",
      "ExecutedDateTime": "2023-01-24T20:01:12.1507757+09:00"
    },
    {
      "Query": "how to sublime-text-shell-command",
      "ExecutedDateTime": "2023-01-24T20:18:13.371191+09:00"
    },
    {
      "Query": "subl",
      "ExecutedDateTime": "2023-01-24T20:55:34.7402095+09:00"
    },
    {
      "Query": "how to close one pane in sublime",
      "ExecutedDateTime": "2023-01-24T20:56:56.2510836+09:00"
    },
    {
      "Query": "Invalid macro definition. Connecting to Database... sublime",
      "ExecutedDateTime": "2023-01-24T21:37:58.2685461+09:00"
    },
    {
      "Query": "Connecting to Database... terminus sublime",
      "ExecutedDateTime": "2023-01-24T21:48:03.6691455+09:00"
    },
    {
      "Query": "ever",
      "ExecutedDateTime": "2023-01-24T21:59:54.3368128+09:00"
    },
    {
      "Query": "ipython",
      "ExecutedDateTime": "2023-01-24T22:04:51.3904718+09:00"
    },
    {
      "Query": "how to install ipython",
      "ExecutedDateTime": "2023-01-24T22:05:46.6107155+09:00"
    },
    {
      "Query": "shellcommand sublime package",
      "ExecutedDateTime": "2023-01-24T22:51:40.3179274+09:00"
    }
  ]
}