{
    "ID": "565B73353DBF4806919830B9202EE3BF",
    "ActionKeywords": [
        "g",
        "wiki",
        "findicon",
        "facebook",
        "twitter",
        "maps",
        "translate",
        "duckduckgo",
        "github",
        "gist",
        "gmail",
        "drive",
        "wolframalpha",
        "stackoverflow",
        "lucky",
        "image",
        "youtube",
        "bing",
        "yahoo",
        "bd",
        "q"
    ],
    "Name": "Web Searches",
    "Description": "Provide the web search ability",
    "Author": "Wox",
    "Version": "1.0.0",
    "Language": "csharp",
    "Website": "https://github.com/Wox-launcher/Wox",
    "ExecuteFileName": "Wox.Plugin.WebSearch.dll",
    "IcoPath": "Images\\web_search.png"
}
