{
  "Items": [
    {
      "Query": "hello",
      "ExecutedDateTime": "2022-07-06T09:40:49.005955+09:00"
    },
    {
      "Query": "g min",
      "ExecutedDateTime": "2022-07-06T09:42:34.3444176+09:00"
    },
    {
      "Query": "github pymin",
      "ExecutedDateTime": "2022-07-06T09:44:07.2250267+09:00"
    },
    {
      "Query": "g min",
      "ExecutedDateTime": "2022-07-06T09:51:55.9585899+09:00"
    },
    {
      "Query": "g json",
      "ExecutedDateTime": "2022-07-06T09:52:35.7767753+09:00"
    },
    {
      "Query": "ns ikea",
      "ExecutedDateTime": "2022-07-06T09:53:48.0213579+09:00"
    },
    {
      "Query": "danawa min",
      "ExecutedDateTime": "2022-07-06T10:02:52.9042841+09:00"
    },
    {
      "Query": "dm daejeon",
      "ExecutedDateTime": "2022-07-06T10:04:03.1119241+09:00"
    },
    {
      "Query": "nak mean",
      "ExecutedDateTime": "2022-07-06T10:07:50.8249217+09:00"
    },
    {
      "Query": "naa mean",
      "ExecutedDateTime": "2022-07-06T10:24:16.0778393+09:00"
    },
    {
      "Query": "nah",
      "ExecutedDateTime": "2022-07-06T10:24:41.1051016+09:00"
    },
    {
      "Query": "nah 국",
      "ExecutedDateTime": "2022-07-06T10:24:43.5701016+09:00"
    },
    {
      "Query": "duck min",
      "ExecutedDateTime": "2022-07-06T10:25:16.1897203+09:00"
    }
  ]
}