{
  "Items": [
    {
      "Query": "hello",
      "ExecutedDateTime": "2022-07-06T09:40:49.005955+09:00"
    },
    {
      "Query": "g min",
      "ExecutedDateTime": "2022-07-06T09:42:34.3444176+09:00"
    },
    {
      "Query": "github pymin",
      "ExecutedDateTime": "2022-07-06T09:44:07.2250267+09:00"
    },
    {
      "Query": "g min",
      "ExecutedDateTime": "2022-07-06T09:51:55.9585899+09:00"
    },
    {
      "Query": "g json",
      "ExecutedDateTime": "2022-07-06T09:52:35.7767753+09:00"
    },
    {
      "Query": "ns ikea",
      "ExecutedDateTime": "2022-07-06T09:53:48.0213579+09:00"
    },
    {
      "Query": "danawa min",
      "ExecutedDateTime": "2022-07-06T10:02:52.9042841+09:00"
    },
    {
      "Query": "dm daejeon",
      "ExecutedDateTime": "2022-07-06T10:04:03.1119241+09:00"
    },
    {
      "Query": "nak mean",
      "ExecutedDateTime": "2022-07-06T10:07:50.8249217+09:00"
    },
    {
      "Query": "naa mean",
      "ExecutedDateTime": "2022-07-06T10:24:16.0778393+09:00"
    },
    {
      "Query": "nah",
      "ExecutedDateTime": "2022-07-06T10:24:41.1051016+09:00"
    },
    {
      "Query": "nah 국",
      "ExecutedDateTime": "2022-07-06T10:24:43.5701016+09:00"
    },
    {
      "Query": "duck min",
      "ExecutedDateTime": "2022-07-06T10:25:16.1897203+09:00"
    },
    {
      "Query": "g min",
      "ExecutedDateTime": "2022-07-06T10:28:49.9686436+09:00"
    },
    {
      "Query": "duck min",
      "ExecutedDateTime": "2022-07-06T10:29:00.3238484+09:00"
    },
    {
      "Query": "da min",
      "ExecutedDateTime": "2022-07-06T10:29:13.6145872+09:00"
    },
    {
      "Query": "na min",
      "ExecutedDateTime": "2022-07-06T10:29:18.5767605+09:00"
    },
    {
      "Query": "na 사",
      "ExecutedDateTime": "2022-07-06T10:30:21.1915229+09:00"
    },
    {
      "Query": "na 사랑",
      "ExecutedDateTime": "2022-07-06T10:30:29.34143+09:00"
    },
    {
      "Query": "na 김치",
      "ExecutedDateTime": "2022-07-06T10:30:39.2112907+09:00"
    },
    {
      "Query": "na 노트북추천",
      "ExecutedDateTime": "2022-07-06T10:30:59.5089684+09:00"
    },
    {
      "Query": "danawa 노트북",
      "ExecutedDateTime": "2022-07-06T10:31:15.0190537+09:00"
    },
    {
      "Query": "danawa 허브",
      "ExecutedDateTime": "2022-07-06T10:31:26.4750747+09:00"
    },
    {
      "Query": "g how to solve excel solver",
      "ExecutedDateTime": "2022-07-06T10:32:04.1409253+09:00"
    },
    {
      "Query": "yt mean",
      "ExecutedDateTime": "2022-07-06T10:32:18.8989811+09:00"
    },
    {
      "Query": "yt drangonball",
      "ExecutedDateTime": "2022-07-06T10:35:06.4914089+09:00"
    },
    {
      "Query": "g how to extract website from pyton",
      "ExecutedDateTime": "2022-07-06T10:35:33.357419+09:00"
    },
    {
      "Query": "chro",
      "ExecutedDateTime": "2022-07-06T10:37:49.5318556+09:00"
    },
    {
      "Query": "code",
      "ExecutedDateTime": "2022-07-06T10:38:00.5116213+09:00"
    },
    {
      "Query": "sub",
      "ExecutedDateTime": "2022-07-06T10:38:06.1487139+09:00"
    },
    {
      "Query": "t",
      "ExecutedDateTime": "2022-07-06T10:38:57.5408144+09:00"
    },
    {
      "Query": "tm",
      "ExecutedDateTime": "2022-07-06T10:39:02.3938622+09:00"
    },
    {
      "Query": "cont",
      "ExecutedDateTime": "2022-07-06T10:39:09.1971209+09:00"
    },
    {
      "Query": "na min",
      "ExecutedDateTime": "2022-07-06T12:16:28.4138649+09:00"
    },
    {
      "Query": "gh sdf",
      "ExecutedDateTime": "2022-07-06T13:35:12.026844+09:00"
    },
    {
      "Query": "duck lk",
      "ExecutedDateTime": "2022-07-06T13:36:03.1705094+09:00"
    },
    {
      "Query": "bing lk",
      "ExecutedDateTime": "2022-07-06T13:36:14.5745081+09:00"
    },
    {
      "Query": "g everything",
      "ExecutedDateTime": "2022-07-06T20:26:01.1693845+09:00"
    },
    {
      "Query": "> command",
      "ExecutedDateTime": "2022-07-06T21:19:01.2350916+09:00"
    },
    {
      "Query": "> cmd",
      "ExecutedDateTime": "2022-07-06T21:19:09.162134+09:00"
    },
    {
      "Query": "sc mi",
      "ExecutedDateTime": "2022-07-06T21:19:33.0362728+09:00"
    },
    {
      "Query": "g scalar min",
      "ExecutedDateTime": "2022-07-06T21:20:53.4816348+09:00"
    },
    {
      "Query": "s whpa",
      "ExecutedDateTime": "2022-07-06T21:23:02.7019677+09:00"
    },
    {
      "Query": "g 스촨성은 왜 지진이 많은가",
      "ExecutedDateTime": "2022-07-07T21:08:18.7501451+09:00"
    },
    {
      "Query": "gm 스촨성",
      "ExecutedDateTime": "2022-07-07T21:12:18.5801131+09:00"
    },
    {
      "Query": "gi min",
      "ExecutedDateTime": "2022-07-07T21:14:48.3060535+09:00"
    },
    {
      "Query": "gi love",
      "ExecutedDateTime": "2022-07-07T21:19:18.431174+09:00"
    },
    {
      "Query": "gi md",
      "ExecutedDateTime": "2022-07-07T21:20:31.562012+09:00"
    },
    {
      "Query": "gi min",
      "ExecutedDateTime": "2022-07-07T21:21:34.2598753+09:00"
    },
    {
      "Query": "gi love",
      "ExecutedDateTime": "2022-07-07T21:21:38.7331008+09:00"
    },
    {
      "Query": "nae min",
      "ExecutedDateTime": "2022-07-07T21:28:31.9292583+09:00"
    },
    {
      "Query": "ni love",
      "ExecutedDateTime": "2022-07-07T21:30:18.6036891+09:00"
    },
    {
      "Query": "di love",
      "ExecutedDateTime": "2022-07-07T21:31:15.1733865+09:00"
    },
    {
      "Query": "nm daejeon",
      "ExecutedDateTime": "2022-07-07T21:32:20.2238668+09:00"
    },
    {
      "Query": "nm 네이",
      "ExecutedDateTime": "2022-07-07T21:32:30.7784381+09:00"
    },
    {
      "Query": "nm 대전",
      "ExecutedDateTime": "2022-07-07T21:45:18.1496219+09:00"
    },
    {
      "Query": "gmail",
      "ExecutedDateTime": "2022-07-07T21:46:10.8882456+09:00"
    },
    {
      "Query": "gmail min",
      "ExecutedDateTime": "2022-07-07T21:46:13.0935459+09:00"
    },
    {
      "Query": "gmm",
      "ExecutedDateTime": "2022-07-07T21:47:28.8387995+09:00"
    },
    {
      "Query": "gmm 1",
      "ExecutedDateTime": "2022-07-07T21:47:29.3353802+09:00"
    },
    {
      "Query": "gmm f",
      "ExecutedDateTime": "2022-07-07T21:47:38.6483936+09:00"
    },
    {
      "Query": "g how to set acrobat open window screen in dual monitor",
      "ExecutedDateTime": "2022-07-08T14:01:22.2457508+09:00"
    }
  ]
}