{
  "Items": [
    {
      "Query": "hello",
      "ExecutedDateTime": "2022-07-06T09:40:49.005955+09:00"
    },
    {
      "Query": "g min",
      "ExecutedDateTime": "2022-07-06T09:42:34.3444176+09:00"
    },
    {
      "Query": "github pymin",
      "ExecutedDateTime": "2022-07-06T09:44:07.2250267+09:00"
    },
    {
      "Query": "g min",
      "ExecutedDateTime": "2022-07-06T09:51:55.9585899+09:00"
    },
    {
      "Query": "g json",
      "ExecutedDateTime": "2022-07-06T09:52:35.7767753+09:00"
    },
    {
      "Query": "ns ikea",
      "ExecutedDateTime": "2022-07-06T09:53:48.0213579+09:00"
    },
    {
      "Query": "danawa min",
      "ExecutedDateTime": "2022-07-06T10:02:52.9042841+09:00"
    },
    {
      "Query": "dm daejeon",
      "ExecutedDateTime": "2022-07-06T10:04:03.1119241+09:00"
    },
    {
      "Query": "nak mean",
      "ExecutedDateTime": "2022-07-06T10:07:50.8249217+09:00"
    },
    {
      "Query": "naa mean",
      "ExecutedDateTime": "2022-07-06T10:24:16.0778393+09:00"
    },
    {
      "Query": "nah",
      "ExecutedDateTime": "2022-07-06T10:24:41.1051016+09:00"
    },
    {
      "Query": "nah 국",
      "ExecutedDateTime": "2022-07-06T10:24:43.5701016+09:00"
    },
    {
      "Query": "duck min",
      "ExecutedDateTime": "2022-07-06T10:25:16.1897203+09:00"
    },
    {
      "Query": "g min",
      "ExecutedDateTime": "2022-07-06T10:28:49.9686436+09:00"
    },
    {
      "Query": "duck min",
      "ExecutedDateTime": "2022-07-06T10:29:00.3238484+09:00"
    },
    {
      "Query": "da min",
      "ExecutedDateTime": "2022-07-06T10:29:13.6145872+09:00"
    },
    {
      "Query": "na min",
      "ExecutedDateTime": "2022-07-06T10:29:18.5767605+09:00"
    },
    {
      "Query": "na 사",
      "ExecutedDateTime": "2022-07-06T10:30:21.1915229+09:00"
    },
    {
      "Query": "na 사랑",
      "ExecutedDateTime": "2022-07-06T10:30:29.34143+09:00"
    },
    {
      "Query": "na 김치",
      "ExecutedDateTime": "2022-07-06T10:30:39.2112907+09:00"
    },
    {
      "Query": "na 노트북추천",
      "ExecutedDateTime": "2022-07-06T10:30:59.5089684+09:00"
    },
    {
      "Query": "danawa 노트북",
      "ExecutedDateTime": "2022-07-06T10:31:15.0190537+09:00"
    },
    {
      "Query": "danawa 허브",
      "ExecutedDateTime": "2022-07-06T10:31:26.4750747+09:00"
    },
    {
      "Query": "g how to solve excel solver",
      "ExecutedDateTime": "2022-07-06T10:32:04.1409253+09:00"
    },
    {
      "Query": "yt mean",
      "ExecutedDateTime": "2022-07-06T10:32:18.8989811+09:00"
    },
    {
      "Query": "yt drangonball",
      "ExecutedDateTime": "2022-07-06T10:35:06.4914089+09:00"
    },
    {
      "Query": "g how to extract website from pyton",
      "ExecutedDateTime": "2022-07-06T10:35:33.357419+09:00"
    },
    {
      "Query": "chro",
      "ExecutedDateTime": "2022-07-06T10:37:49.5318556+09:00"
    },
    {
      "Query": "code",
      "ExecutedDateTime": "2022-07-06T10:38:00.5116213+09:00"
    },
    {
      "Query": "sub",
      "ExecutedDateTime": "2022-07-06T10:38:06.1487139+09:00"
    },
    {
      "Query": "t",
      "ExecutedDateTime": "2022-07-06T10:38:57.5408144+09:00"
    },
    {
      "Query": "tm",
      "ExecutedDateTime": "2022-07-06T10:39:02.3938622+09:00"
    },
    {
      "Query": "cont",
      "ExecutedDateTime": "2022-07-06T10:39:09.1971209+09:00"
    },
    {
      "Query": "na min",
      "ExecutedDateTime": "2022-07-06T12:16:28.4138649+09:00"
    },
    {
      "Query": "gh sdf",
      "ExecutedDateTime": "2022-07-06T13:35:12.026844+09:00"
    },
    {
      "Query": "duck lk",
      "ExecutedDateTime": "2022-07-06T13:36:03.1705094+09:00"
    },
    {
      "Query": "bing lk",
      "ExecutedDateTime": "2022-07-06T13:36:14.5745081+09:00"
    },
    {
      "Query": "g everything",
      "ExecutedDateTime": "2022-07-06T20:26:01.1693845+09:00"
    },
    {
      "Query": "> command",
      "ExecutedDateTime": "2022-07-06T21:19:01.2350916+09:00"
    },
    {
      "Query": "> cmd",
      "ExecutedDateTime": "2022-07-06T21:19:09.162134+09:00"
    },
    {
      "Query": "sc mi",
      "ExecutedDateTime": "2022-07-06T21:19:33.0362728+09:00"
    },
    {
      "Query": "g scalar min",
      "ExecutedDateTime": "2022-07-06T21:20:53.4816348+09:00"
    },
    {
      "Query": "s whpa",
      "ExecutedDateTime": "2022-07-06T21:23:02.7019677+09:00"
    }
  ]
}