{
  "Items": [
    {
      "Query": "ㅎ 뉴질랜드 날씨",
      "ExecutedDateTime": "2022-12-02T12:34:58.9788292+09:00"
    },
    {
      "Query": "nm 데일리",
      "ExecutedDateTime": "2022-12-02T18:05:53.3630076+09:00"
    },
    {
      "Query": "pick",
      "ExecutedDateTime": "2022-12-02T20:42:41.7374338+09:00"
    },
    {
      "Query": "nm 오윤기 컴퓨터",
      "ExecutedDateTime": "2022-12-03T19:59:08.9570306+09:00"
    },
    {
      "Query": "흐 테일러시",
      "ExecutedDateTime": "2022-12-03T21:00:56.6773253+09:00"
    },
    {
      "Query": "dm 유성구 신성남로 61번길 28",
      "ExecutedDateTime": "2022-12-05T16:35:17.9739441+09:00"
    },
    {
      "Query": "으 합정",
      "ExecutedDateTime": "2022-12-05T17:42:22.9454307+09:00"
    },
    {
      "Query": "gm 크로아티아",
      "ExecutedDateTime": "2022-12-06T19:21:24.095294+09:00"
    },
    {
      "Query": "gm 그디니아",
      "ExecutedDateTime": "2022-12-07T10:55:20.8881756+09:00"
    },
    {
      "Query": "흐 가고시마",
      "ExecutedDateTime": "2022-12-07T11:34:53.3435806+09:00"
    },
    {
      "Query": "gm 단둥",
      "ExecutedDateTime": "2022-12-07T19:51:08.1707156+09:00"
    },
    {
      "Query": "ㅎ 징기스칸 그룹",
      "ExecutedDateTime": "2022-12-07T19:59:29.1523939+09:00"
    },
    {
      "Query": "흐 브루나이",
      "ExecutedDateTime": "2022-12-07T22:08:48.1945207+09:00"
    },
    {
      "Query": "흐 코타키나발루",
      "ExecutedDateTime": "2022-12-07T22:09:11.8460608+09:00"
    },
    {
      "Query": "gm 나고야",
      "ExecutedDateTime": "2022-12-08T11:52:12.0837836+09:00"
    },
    {
      "Query": "gm 엘살바도르",
      "ExecutedDateTime": "2022-12-08T16:56:01.1798551+09:00"
    },
    {
      "Query": "yt Serial Experiments Lain",
      "ExecutedDateTime": "2022-12-10T11:40:37.1442653+09:00"
    },
    {
      "Query": "gm 홋카이도",
      "ExecutedDateTime": "2022-12-10T14:54:37.8580803+09:00"
    },
    {
      "Query": "gm 드레스덴",
      "ExecutedDateTime": "2022-12-11T11:50:55.986121+09:00"
    },
    {
      "Query": "gm 카마쿠라",
      "ExecutedDateTime": "2022-12-11T21:10:06.7834819+09:00"
    },
    {
      "Query": "gm 후베이성",
      "ExecutedDateTime": "2022-12-12T13:15:19.5734715+09:00"
    },
    {
      "Query": "흐 세르비아",
      "ExecutedDateTime": "2022-12-12T13:17:27.8121392+09:00"
    },
    {
      "Query": "yt Paradise.Lost",
      "ExecutedDateTime": "2022-12-12T17:03:26.1943272+09:00"
    },
    {
      "Query": "yt 이브의 시간",
      "ExecutedDateTime": "2022-12-12T17:04:38.326393+09:00"
    },
    {
      "Query": "흐 코소보",
      "ExecutedDateTime": "2022-12-12T17:25:05.9118435+09:00"
    },
    {
      "Query": "흐 에스토니아",
      "ExecutedDateTime": "2022-12-12T17:42:14.9361754+09:00"
    },
    {
      "Query": "ㅛㅅ The King of Eden",
      "ExecutedDateTime": "2022-12-12T19:27:59.4886107+09:00"
    },
    {
      "Query": "gm 카파도키아",
      "ExecutedDateTime": "2022-12-13T18:55:31.6272414+09:00"
    },
    {
      "Query": "gm 몬테네그로",
      "ExecutedDateTime": "2022-12-14T00:52:59.383617+09:00"
    },
    {
      "Query": "ㅛㅅ 일본 쓰레기 분리수거",
      "ExecutedDateTime": "2022-12-14T01:19:31.4385908+09:00"
    },
    {
      "Query": "ㅎ 금융감독원",
      "ExecutedDateTime": "2022-12-14T17:00:46.121719+09:00"
    },
    {
      "Query": "흐 칸쿤",
      "ExecutedDateTime": "2022-12-14T17:43:19.9666496+09:00"
    },
    {
      "Query": "으 식장산",
      "ExecutedDateTime": "2022-12-14T19:11:37.77422+09:00"
    },
    {
      "Query": "dm 지티재",
      "ExecutedDateTime": "2022-12-15T18:21:04.1240519+09:00"
    },
    {
      "Query": "흐 지티재",
      "ExecutedDateTime": "2022-12-15T18:26:08.3852063+09:00"
    },
    {
      "Query": "ㅎ 삼청동 소샌드",
      "ExecutedDateTime": "2022-12-15T18:43:02.6797079+09:00"
    },
    {
      "Query": "흐 삼청동 소샌드",
      "ExecutedDateTime": "2022-12-15T18:43:37.9568268+09:00"
    },
    {
      "Query": "흐 폴란드",
      "ExecutedDateTime": "2022-12-15T19:04:31.332879+09:00"
    },
    {
      "Query": "으 감악산",
      "ExecutedDateTime": "2022-12-15T19:13:04.4123118+09:00"
    },
    {
      "Query": "g 마가리타",
      "ExecutedDateTime": "2022-12-16T10:50:23.0871079+09:00"
    },
    {
      "Query": "흐 몰도",
      "ExecutedDateTime": "2022-12-16T13:20:22.8349181+09:00"
    },
    {
      "Query": "g 야누코비치",
      "ExecutedDateTime": "2022-12-16T21:13:30.8640928+09:00"
    },
    {
      "Query": "오",
      "ExecutedDateTime": "2022-12-16T22:00:08.2183433+09:00"
    },
    {
      "Query": "ㅎ 오리하르콘",
      "ExecutedDateTime": "2022-12-16T22:00:12.6897774+09:00"
    },
    {
      "Query": "g 영국 남해회사",
      "ExecutedDateTime": "2022-12-17T10:06:54.5449975+09:00"
    },
    {
      "Query": "dm 충남 천안시 서북구 쌍용대로 190",
      "ExecutedDateTime": "2022-12-17T11:44:13.8066806+09:00"
    },
    {
      "Query": "yt 팩맨과 무시무시한 모험",
      "ExecutedDateTime": "2022-12-18T14:10:37.2726068+09:00"
    },
    {
      "Query": "dm 수라한",
      "ExecutedDateTime": "2022-12-18T16:32:32.1556375+09:00"
    },
    {
      "Query": "yt 파라노만",
      "ExecutedDateTime": "2022-12-19T13:15:05.384168+09:00"
    },
    {
      "Query": "g 츄나 ?",
      "ExecutedDateTime": "2022-12-19T18:43:05.8504969+09:00"
    },
    {
      "Query": "gm 니가타현",
      "ExecutedDateTime": "2022-12-20T17:03:56.4599899+09:00"
    },
    {
      "Query": "흐 몰도바",
      "ExecutedDateTime": "2022-12-20T19:52:00.3596318+09:00"
    },
    {
      "Query": "dm 센",
      "ExecutedDateTime": "2022-12-21T15:37:52.1146355+09:00"
    },
    {
      "Query": "> regedit",
      "ExecutedDateTime": "2022-12-21T19:32:23.4980189+09:00"
    },
    {
      "Query": "gm chuo city area",
      "ExecutedDateTime": "2022-12-22T11:04:07.4617922+09:00"
    },
    {
      "Query": "gm 니카라과",
      "ExecutedDateTime": "2022-12-22T18:42:03.658304+09:00"
    },
    {
      "Query": "ㅛㅅ 부덕의길드",
      "ExecutedDateTime": "2022-12-22T18:46:23.7128412+09:00"
    },
    {
      "Query": "ㅛㅅ 이세상한구석에",
      "ExecutedDateTime": "2022-12-22T18:47:29.6949838+09:00"
    },
    {
      "Query": "dm 노령산",
      "ExecutedDateTime": "2022-12-24T06:39:17.1989893+09:00"
    },
    {
      "Query": "흐 미네소타",
      "ExecutedDateTime": "2022-12-24T13:06:37.1546271+09:00"
    },
    {
      "Query": "gm 괴산",
      "ExecutedDateTime": "2022-12-25T18:27:19.9051956+09:00"
    },
    {
      "Query": "gm 몰도바",
      "ExecutedDateTime": "2022-12-26T11:24:38.0581412+09:00"
    },
    {
      "Query": "으 레트로게",
      "ExecutedDateTime": "2022-12-26T12:07:39.5172041+09:00"
    },
    {
      "Query": "gm 버팔로주",
      "ExecutedDateTime": "2022-12-28T14:09:51.130315+09:00"
    },
    {
      "Query": "ㅛㅅ Nintendo Switch system software (also known by its codename Horizon",
      "ExecutedDateTime": "2022-12-28T17:58:40.8917619+09:00"
    },
    {
      "Query": "dm 군위",
      "ExecutedDateTime": "2022-12-29T10:44:14.8482525+09:00"
    },
    {
      "Query": "yt ax3004",
      "ExecutedDateTime": "2023-01-01T12:35:06.8035558+09:00"
    },
    {
      "Query": "g cctv 용 hdd pc사용",
      "ExecutedDateTime": "2023-01-01T13:45:42.9735692+09:00"
    },
    {
      "Query": "ㅎ tplink axe75",
      "ExecutedDateTime": "2023-01-01T14:41:12.1719507+09:00"
    },
    {
      "Query": "g tplink native country",
      "ExecutedDateTime": "2023-01-01T15:03:36.6274134+09:00"
    },
    {
      "Query": "gm 영월",
      "ExecutedDateTime": "2023-01-02T14:24:46.8414095+09:00"
    },
    {
      "Query": "yt 대전 야영장",
      "ExecutedDateTime": "2023-01-02T18:23:04.4898564+09:00"
    },
    {
      "Query": "흐 흑석동",
      "ExecutedDateTime": "2023-01-02T18:27:13.5632795+09:00"
    },
    {
      "Query": "gm 스위스",
      "ExecutedDateTime": "2023-01-03T12:14:46.094003+09:00"
    },
    {
      "Query": "ㅛㅅ 저스트 비코즈",
      "ExecutedDateTime": "2023-01-03T14:18:44.9301248+09:00"
    },
    {
      "Query": "ㅛㅅ 어째서 여기에 선생님이!?",
      "ExecutedDateTime": "2023-01-03T14:20:13.5196817+09:00"
    },
    {
      "Query": "ㅛㅅ Gunsmith Cats",
      "ExecutedDateTime": "2023-01-03T14:21:29.8885632+09:00"
    },
    {
      "Query": "ㅛㅅ 육화의 용사 Rokka no Yuusha -",
      "ExecutedDateTime": "2023-01-03T14:22:31.895449+09:00"
    },
    {
      "Query": "gm 고흥",
      "ExecutedDateTime": "2023-01-03T15:55:41.2472379+09:00"
    },
    {
      "Query": "ㅎ mre",
      "ExecutedDateTime": "2023-01-03T15:56:07.3840986+09:00"
    },
    {
      "Query": "gm 청강대",
      "ExecutedDateTime": "2023-01-03T15:58:35.7312024+09:00"
    },
    {
      "Query": "yt Onipan! お",
      "ExecutedDateTime": "2023-01-04T11:30:22.7490789+09:00"
    },
    {
      "Query": "yt 이과가 사랑에 빠졌기에 증명해보았다",
      "ExecutedDateTime": "2023-01-04T11:31:33.5300349+09:00"
    },
    {
      "Query": "yt 이세계 콰르텟 : 어나더 월드",
      "ExecutedDateTime": "2023-01-04T11:37:30.0298305+09:00"
    },
    {
      "Query": "yt Akuyaku Reijou nano de Last Boss o Katte Mimashita",
      "ExecutedDateTime": "2023-01-04T11:39:10.844057+09:00"
    },
    {
      "Query": "gm 애틀란타",
      "ExecutedDateTime": "2023-01-04T11:54:14.7783345+09:00"
    },
    {
      "Query": "으 it 시스템",
      "ExecutedDateTime": "2023-01-04T17:29:35.1622983+09:00"
    },
    {
      "Query": "yt 러브 콤플렉스",
      "ExecutedDateTime": "2023-01-05T13:53:29.0835107+09:00"
    },
    {
      "Query": "gm 치바현",
      "ExecutedDateTime": "2023-01-05T17:45:17.7909379+09:00"
    },
    {
      "Query": "흐 사목공",
      "ExecutedDateTime": "2023-01-05T18:04:18.7278457+09:00"
    },
    {
      "Query": "ㅎ 침향",
      "ExecutedDateTime": "2023-01-05T20:27:55.9309344+09:00"
    },
    {
      "Query": "g 히싱",
      "ExecutedDateTime": "2023-01-06T12:08:03.3191443+09:00"
    },
    {
      "Query": "yt 아서 스틸 웰",
      "ExecutedDateTime": "2023-01-06T21:32:52.3134283+09:00"
    },
    {
      "Query": "g irst stands for",
      "ExecutedDateTime": "2023-01-07T19:55:51.8885063+09:00"
    },
    {
      "Query": "gm 마다가스카르",
      "ExecutedDateTime": "2023-01-08T10:29:07.6548573+09:00"
    },
    {
      "Query": "ㅎ xenia forza",
      "ExecutedDateTime": "2023-01-08T14:02:47.4684027+09:00"
    },
    {
      "Query": "g gamecube emu",
      "ExecutedDateTime": "2023-01-08T19:09:36.7024172+09:00"
    },
    {
      "Query": "g rx590 vs 1070",
      "ExecutedDateTime": "2023-01-08T19:38:13.7305864+09:00"
    },
    {
      "Query": "yt Do It Yourself",
      "ExecutedDateTime": "2023-01-09T10:08:16.7466933+09:00"
    },
    {
      "Query": "yt what is jtg rgh",
      "ExecutedDateTime": "2023-01-09T10:41:00.7224954+09:00"
    },
    {
      "Query": "g 9600k vs 6700x",
      "ExecutedDateTime": "2023-01-09T10:54:22.7236586+09:00"
    },
    {
      "Query": "g xbox 360 vs ps4",
      "ExecutedDateTime": "2023-01-09T11:00:38.1092338+09:00"
    },
    {
      "Query": "dan Netgear Orbi WiFi 6E",
      "ExecutedDateTime": "2023-01-09T11:05:56.8723362+09:00"
    },
    {
      "Query": "dan Asus RT-AX86U",
      "ExecutedDateTime": "2023-01-09T11:06:20.6823538+09:00"
    },
    {
      "Query": "dan blue ray drive",
      "ExecutedDateTime": "2023-01-09T11:15:00.2775822+09:00"
    },
    {
      "Query": "yt how to install game ps4 external ssd",
      "ExecutedDateTime": "2023-01-09T11:31:06.1422918+09:00"
    },
    {
      "Query": "dan ps4 wrc10",
      "ExecutedDateTime": "2023-01-09T11:54:32.5418425+09:00"
    },
    {
      "Query": "dan 7900xtx",
      "ExecutedDateTime": "2023-01-09T13:22:58.6914886+09:00"
    },
    {
      "Query": "g 7900xtx vs 4070ti",
      "ExecutedDateTime": "2023-01-09T13:23:33.9831384+09:00"
    },
    {
      "Query": "dan 4070ti",
      "ExecutedDateTime": "2023-01-09T13:24:54.5934765+09:00"
    },
    {
      "Query": "yt 신들의 지팡이",
      "ExecutedDateTime": "2023-01-09T13:29:10.0641893+09:00"
    },
    {
      "Query": "ㅇ무 3070ti",
      "ExecutedDateTime": "2023-01-09T13:36:08.217666+09:00"
    },
    {
      "Query": "dan zen4 cpu",
      "ExecutedDateTime": "2023-01-09T14:44:59.5256744+09:00"
    },
    {
      "Query": "g psp vs ps vita w",
      "ExecutedDateTime": "2023-01-09T14:57:35.2831381+09:00"
    },
    {
      "Query": "g psvita em",
      "ExecutedDateTime": "2023-01-09T14:58:43.946306+09:00"
    },
    {
      "Query": "g psvita ra",
      "ExecutedDateTime": "2023-01-09T14:59:42.8258993+09:00"
    },
    {
      "Query": "yt ps vita racing games",
      "ExecutedDateTime": "2023-01-09T15:00:07.6441544+09:00"
    },
    {
      "Query": "g psvita asphalt injection rom",
      "ExecutedDateTime": "2023-01-09T15:06:23.8023688+09:00"
    },
    {
      "Query": "g psvita bios",
      "ExecutedDateTime": "2023-01-09T15:10:06.1567666+09:00"
    },
    {
      "Query": "g xbox one emu",
      "ExecutedDateTime": "2023-01-09T15:11:58.5717351+09:00"
    },
    {
      "Query": "g xbox 360 vs xbox one which is better",
      "ExecutedDateTime": "2023-01-09T15:14:08.6389665+09:00"
    },
    {
      "Query": "g xbox history",
      "ExecutedDateTime": "2023-01-09T15:15:43.7942213+09:00"
    },
    {
      "Query": "g xbox one rom",
      "ExecutedDateTime": "2023-01-09T15:16:14.3140907+09:00"
    },
    {
      "Query": "g xbox one racing games",
      "ExecutedDateTime": "2023-01-09T15:18:50.6898537+09:00"
    },
    {
      "Query": "g forza horizon4 fortune island rom",
      "ExecutedDateTime": "2023-01-09T15:20:48.5066779+09:00"
    },
    {
      "Query": "g psvita bios",
      "ExecutedDateTime": "2023-01-09T15:25:01.0197975+09:00"
    },
    {
      "Query": "na ps vita bios",
      "ExecutedDateTime": "2023-01-09T15:27:30.2190473+09:00"
    },
    {
      "Query": "yt how to play psvita game on vita3k",
      "ExecutedDateTime": "2023-01-09T15:34:09.8208417+09:00"
    },
    {
      "Query": "g psvita asphalt vita3k setting",
      "ExecutedDateTime": "2023-01-09T15:52:16.0561841+09:00"
    },
    {
      "Query": "g vita3k analogue stick",
      "ExecutedDateTime": "2023-01-09T16:04:22.5226358+09:00"
    },
    {
      "Query": "g how to use vita3k analog stick",
      "ExecutedDateTime": "2023-01-09T16:05:29.8779549+09:00"
    },
    {
      "Query": "g asphalt game",
      "ExecutedDateTime": "2023-01-09T16:57:31.6734692+09:00"
    },
    {
      "Query": "yt asphalt extreme",
      "ExecutedDateTime": "2023-01-09T17:00:09.0368506+09:00"
    },
    {
      "Query": "yt asphalt 3d 3ds",
      "ExecutedDateTime": "2023-01-09T17:02:26.7323953+09:00"
    },
    {
      "Query": "g nintend 3ds",
      "ExecutedDateTime": "2023-01-09T17:03:29.708527+09:00"
    },
    {
      "Query": "asphalt 3",
      "ExecutedDateTime": "2023-01-09T17:04:41.5253158+09:00"
    },
    {
      "Query": "g asphalt 3d 3ds rom",
      "ExecutedDateTime": "2023-01-09T17:14:38.7114954+09:00"
    },
    {
      "Query": "g how to decrypt cia file",
      "ExecutedDateTime": "2023-01-09T17:18:23.0633017+09:00"
    },
    {
      "Query": "g xenia world rally championship 5 setting",
      "ExecutedDateTime": "2023-01-09T17:46:12.6343952+09:00"
    },
    {
      "Query": "g xenia WRC 5 setting",
      "ExecutedDateTime": "2023-01-09T17:46:50.7426516+09:00"
    },
    {
      "Query": "g xenia how to run opengl",
      "ExecutedDateTime": "2023-01-09T17:53:03.6939961+09:00"
    },
    {
      "Query": "g ps4 dirt rally",
      "ExecutedDateTime": "2023-01-09T18:17:09.7782304+09:00"
    },
    {
      "Query": "dan ps4 dirt rally",
      "ExecutedDateTime": "2023-01-09T18:17:28.5820516+09:00"
    },
    {
      "Query": "g ps3 dirt rally",
      "ExecutedDateTime": "2023-01-09T18:18:25.5820776+09:00"
    },
    {
      "Query": "g rpcs3 granturismo setting",
      "ExecutedDateTime": "2023-01-09T19:48:30.3176636+09:00"
    },
    {
      "Query": "g psp racing games",
      "ExecutedDateTime": "2023-01-09T21:12:19.9556985+09:00"
    },
    {
      "Query": "g test drive dominator psp rom",
      "ExecutedDateTime": "2023-01-09T21:13:42.5751743+09:00"
    },
    {
      "Query": "g out run psp rom",
      "ExecutedDateTime": "2023-01-09T21:14:59.4866621+09:00"
    },
    {
      "Query": "g how to configure pad setting in pspp",
      "ExecutedDateTime": "2023-01-09T21:20:34.3305252+09:00"
    },
    {
      "Query": "g vpk file",
      "ExecutedDateTime": "2023-01-09T21:40:04.6525605+09:00"
    },
    {
      "Query": "yt sim flight",
      "ExecutedDateTime": "2023-01-10T11:23:56.9211081+09:00"
    },
    {
      "Query": "yt how to connect switch contr",
      "ExecutedDateTime": "2023-01-10T11:54:52.3200229+09:00"
    },
    {
      "Query": "gm 나리",
      "ExecutedDateTime": "2023-01-10T12:55:44.7738542+09:00"
    },
    {
      "Query": "흐 불가리아",
      "ExecutedDateTime": "2023-01-10T12:56:24.3138357+09:00"
    },
    {
      "Query": "ㅎ ps3 what gene",
      "ExecutedDateTime": "2023-01-10T13:15:23.0202425+09:00"
    },
    {
      "Query": "g wii emu",
      "ExecutedDateTime": "2023-01-10T13:18:48.4683257+09:00"
    },
    {
      "Query": "g dirt2 wii rom",
      "ExecutedDateTime": "2023-01-10T13:32:04.9220715+09:00"
    },
    {
      "Query": "g xbox360 racing game",
      "ExecutedDateTime": "2023-01-10T13:34:38.7978716+09:00"
    },
    {
      "Query": "yt how to play xenia dirt showdown",
      "ExecutedDateTime": "2023-01-10T14:20:55.1753462+09:00"
    },
    {
      "Query": "g xenia Xbox Live.",
      "ExecutedDateTime": "2023-01-10T14:22:29.9385353+09:00"
    },
    {
      "Query": "g how to setup xenia xam-live-signin-required",
      "ExecutedDateTime": "2023-01-10T14:25:50.2985907+09:00"
    },
    {
      "Query": "dan xbox forza",
      "ExecutedDateTime": "2023-01-10T14:43:26.5643905+09:00"
    },
    {
      "Query": "g kart",
      "ExecutedDateTime": "2023-01-10T14:51:32.0171496+09:00"
    },
    {
      "Query": "dan dirt rally ps4",
      "ExecutedDateTime": "2023-01-10T15:02:44.7141175+09:00"
    },
    {
      "Query": "ps4",
      "ExecutedDateTime": "2023-01-10T15:03:57.0005839+09:00"
    },
    {
      "Query": "g ps4 dirt rally 2.0",
      "ExecutedDateTime": "2023-01-10T15:04:00.8165594+09:00"
    },
    {
      "Query": "yt dirt 5 ps4",
      "ExecutedDateTime": "2023-01-10T15:05:19.0308493+09:00"
    },
    {
      "Query": "g 설치되어있다 띠어쓰",
      "ExecutedDateTime": "2023-01-10T18:11:28.3559345+09:00"
    },
    {
      "Query": "dan ps4 거치대",
      "ExecutedDateTime": "2023-01-10T18:49:15.4035432+09:00"
    },
    {
      "Query": "dan dvi selector",
      "ExecutedDateTime": "2023-01-10T19:44:09.9406346+09:00"
    },
    {
      "Query": "g epic games 탈취된 계정 복",
      "ExecutedDateTime": "2023-01-10T20:34:27.1899947+09:00"
    },
    {
      "Query": "ㅎ 리버리",
      "ExecutedDateTime": "2023-01-10T23:22:53.710246+09:00"
    },
    {
      "Query": "g 4090지원 파워",
      "ExecutedDateTime": "2023-01-11T12:06:47.9850977+09:00"
    },
    {
      "Query": "ㅛㅅ xbox is better",
      "ExecutedDateTime": "2023-01-11T12:34:11.8411909+09:00"
    },
    {
      "Query": "g saphire",
      "ExecutedDateTime": "2023-01-11T12:46:51.3511725+09:00"
    },
    {
      "Query": "yt sapphire rapids",
      "ExecutedDateTime": "2023-01-11T12:46:59.1101553+09:00"
    },
    {
      "Query": "g 어빵이 with 손에 잡히는 경제",
      "ExecutedDateTime": "2023-01-11T12:55:02.9197288+09:00"
    },
    {
      "Query": "ㅎ 사파이",
      "ExecutedDateTime": "2023-01-11T12:56:36.5352403+09:00"
    },
    {
      "Query": "ㅎ need for speed the run x",
      "ExecutedDateTime": "2023-01-11T13:18:33.0741745+09:00"
    },
    {
      "Query": "yt gran turismo 2",
      "ExecutedDateTime": "2023-01-11T13:39:42.4652279+09:00"
    },
    {
      "Query": "g ridge raceer ps1 rom",
      "ExecutedDateTime": "2023-01-11T14:41:25.1356277+09:00"
    },
    {
      "Query": "dan kingkong2 pro",
      "ExecutedDateTime": "2023-01-11T15:27:58.3427641+09:00"
    },
    {
      "Query": "yt intel server cpu everyday use",
      "ExecutedDateTime": "2023-01-11T15:44:22.1415068+09:00"
    },
    {
      "Query": "g intel server cpu what they used for",
      "ExecutedDateTime": "2023-01-11T15:46:42.0581646+09:00"
    },
    {
      "Query": "dan 8bitdo ultimate",
      "ExecutedDateTime": "2023-01-11T15:57:00.2981824+09:00"
    },
    {
      "Query": "dan 크레앙 5in1 USB 타입 C OTG 카드 리더기",
      "ExecutedDateTime": "2023-01-11T16:07:11.0006002+09:00"
    },
    {
      "Query": "yt 다이소 미니토치",
      "ExecutedDateTime": "2023-01-11T16:14:23.139053+09:00"
    },
    {
      "Query": "ㅇ무 라이타용가스",
      "ExecutedDateTime": "2023-01-11T16:18:46.4335027+09:00"
    },
    {
      "Query": "ㅇ무 제트점화기",
      "ExecutedDateTime": "2023-01-11T16:19:04.536912+09:00"
    },
    {
      "Query": "ㅇ무 휴대용토치",
      "ExecutedDateTime": "2023-01-11T16:19:19.0154465+09:00"
    },
    {
      "Query": "ㅇ무 소토 슬라이딩 토치",
      "ExecutedDateTime": "2023-01-11T16:20:15.0483919+09:00"
    },
    {
      "Query": "ㅛㅅ 이영돈",
      "ExecutedDateTime": "2023-01-11T16:29:13.0658519+09:00"
    },
    {
      "Query": "ㅛㅅ real flight simulator",
      "ExecutedDateTime": "2023-01-11T16:56:11.4643235+09:00"
    },
    {
      "Query": "yt Inu-Ou",
      "ExecutedDateTime": "2023-01-11T17:16:23.447696+09:00"
    },
    {
      "Query": "yt project cars 3",
      "ExecutedDateTime": "2023-01-11T17:18:39.9997042+09:00"
    },
    {
      "Query": "g sega saturn vs ps2",
      "ExecutedDateTime": "2023-01-11T17:26:40.5389883+09:00"
    },
    {
      "Query": "dan sddr-489",
      "ExecutedDateTime": "2023-01-11T17:36:23.4975785+09:00"
    },
    {
      "Query": "dan Xbox Elite Series 2 Controller",
      "ExecutedDateTime": "2023-01-11T17:44:41.6821611+09:00"
    },
    {
      "Query": "g ai 훈련 음성 더빙 프로그램",
      "ExecutedDateTime": "2023-01-12T08:48:50.7635265+09:00"
    },
    {
      "Query": "ㅎ 타입캐스트",
      "ExecutedDateTime": "2023-01-12T08:52:13.4421429+09:00"
    },
    {
      "Query": "ㅛㅅ 타입캐스트 목소리",
      "ExecutedDateTime": "2023-01-12T08:53:29.4885661+09:00"
    },
    {
      "Query": "ㅛㅅ 나만의 목소리로 더빙 tts",
      "ExecutedDateTime": "2023-01-12T08:57:39.0176229+09:00"
    },
    {
      "Query": "g 휴멜로 프로소디",
      "ExecutedDateTime": "2023-01-12T09:03:15.0882282+09:00"
    },
    {
      "Query": "g 네이버 클로바더빙",
      "ExecutedDateTime": "2023-01-12T09:03:32.2071132+09:00"
    },
    {
      "Query": "g 네오사피엔스 타입캐스트",
      "ExecutedDateTime": "2023-01-12T09:03:48.2717716+09:00"
    },
    {
      "Query": "g vrew",
      "ExecutedDateTime": "2023-01-12T09:07:00.2488095+09:00"
    },
    {
      "Query": "g 내목소리로 tts 만들기",
      "ExecutedDateTime": "2023-01-12T09:08:12.9520311+09:00"
    },
    {
      "Query": "ㅎ 코난보이스",
      "ExecutedDateTime": "2023-01-12T09:29:02.1410965+09:00"
    },
    {
      "Query": "ㅎ guiding line",
      "ExecutedDateTime": "2023-01-12T10:28:02.6368925+09:00"
    },
    {
      "Query": "g 요비선 영어로",
      "ExecutedDateTime": "2023-01-12T10:29:16.480568+09:00"
    },
    {
      "Query": "ㅎ 상고대",
      "ExecutedDateTime": "2023-01-12T10:51:20.6057627+09:00"
    },
    {
      "Query": "ㅛㅅ 구찌",
      "ExecutedDateTime": "2023-01-12T10:54:06.6501915+09:00"
    },
    {
      "Query": "ㅎ 시퀀스 12",
      "ExecutedDateTime": "2023-01-12T10:55:38.3150145+09:00"
    },
    {
      "Query": "ㅛㅅ 고장난 고양이",
      "ExecutedDateTime": "2023-01-12T11:02:50.1478853+09:00"
    },
    {
      "Query": "ㅛㅅ 생활의 지혜",
      "ExecutedDateTime": "2023-01-12T11:06:05.3954736+09:00"
    },
    {
      "Query": "dan quick flash 지원보드",
      "ExecutedDateTime": "2023-01-12T11:14:57.6116047+09:00"
    },
    {
      "Query": "ㅛㅅ 데일리컴",
      "ExecutedDateTime": "2023-01-12T11:23:06.4086137+09:00"
    },
    {
      "Query": "ㅎ q플레시 지원 보드",
      "ExecutedDateTime": "2023-01-12T11:24:59.7154886+09:00"
    },
    {
      "Query": "msi 림",
      "ExecutedDateTime": "2023-01-12T11:26:43.2583172+09:00"
    },
    {
      "Query": "msi 플래",
      "ExecutedDateTime": "2023-01-12T11:26:50.930657+09:00"
    },
    {
      "Query": "ㅎ msi 플래시",
      "ExecutedDateTime": "2023-01-12T11:26:51.8587338+09:00"
    },
    {
      "Query": "ㅎ cpu 없이",
      "ExecutedDateTime": "2023-01-12T11:28:27.6415297+09:00"
    },
    {
      "Query": "ㅛㅅ 플래시바이오스 - MSI",
      "ExecutedDateTime": "2023-01-12T11:35:23.8898451+09:00"
    },
    {
      "Query": "ㅛㅅ 아수스 EZ",
      "ExecutedDateTime": "2023-01-12T11:43:36.331526+09:00"
    },
    {
      "Query": "yt asus bios update with",
      "ExecutedDateTime": "2023-01-12T11:44:28.5070984+09:00"
    },
    {
      "Query": "yt gagabyte bios update wi",
      "ExecutedDateTime": "2023-01-12T11:44:59.1851491+09:00"
    },
    {
      "Query": "yt msi bios update witho",
      "ExecutedDateTime": "2023-01-12T11:45:23.4579756+09:00"
    },
    {
      "Query": "dan Besavior",
      "ExecutedDateTime": "2023-01-12T12:07:48.7025566+09:00"
    },
    {
      "Query": "dan ps4 엘리트패드",
      "ExecutedDateTime": "2023-01-12T12:08:10.4112529+09:00"
    },
    {
      "Query": "ㅎ ak550",
      "ExecutedDateTime": "2023-01-12T12:17:46.3868859+09:00"
    },
    {
      "Query": "dan 투명비",
      "ExecutedDateTime": "2023-01-12T12:28:50.1089893+09:00"
    },
    {
      "Query": "ㅛㅅ 수제비누 만들기",
      "ExecutedDateTime": "2023-01-12T12:31:40.8188226+09:00"
    },
    {
      "Query": "ㅇ무 수제비누 키트",
      "ExecutedDateTime": "2023-01-12T12:41:38.4587753+09:00"
    },
    {
      "Query": "ㅇ무 수제비누 만들기",
      "ExecutedDateTime": "2023-01-12T12:41:54.7616022+09:00"
    },
    {
      "Query": "ㅇ무 수제몰드",
      "ExecutedDateTime": "2023-01-12T12:42:26.3861531+09:00"
    },
    {
      "Query": "ㅇ무 실리콘 몰드",
      "ExecutedDateTime": "2023-01-12T13:09:08.9909431+09:00"
    },
    {
      "Query": "ㅇ무 UM 690",
      "ExecutedDateTime": "2023-01-12T13:31:58.927962+09:00"
    },
    {
      "Query": "ㅇ무 PowerA Fusion Pro 2",
      "ExecutedDateTime": "2023-01-12T13:40:09.8203187+09:00"
    },
    {
      "Query": "ㅇ무 무선랜카",
      "ExecutedDateTime": "2023-01-12T13:41:27.5638501+09:00"
    },
    {
      "Query": "ㅜ마 avalan",
      "ExecutedDateTime": "2023-01-12T14:59:17.76417+09:00"
    },
    {
      "Query": "nae avalanche",
      "ExecutedDateTime": "2023-01-12T14:59:42.747834+09:00"
    },
    {
      "Query": "dan philips 329",
      "ExecutedDateTime": "2023-01-12T16:17:13.1213553+09:00"
    },
    {
      "Query": "g 이즈미 일어로",
      "ExecutedDateTime": "2023-01-12T18:12:31.4712846+09:00"
    },
    {
      "Query": "ㅎ 코스노",
      "ExecutedDateTime": "2023-01-12T18:32:50.9632941+09:00"
    },
    {
      "Query": "ㅇ무 dlx400",
      "ExecutedDateTime": "2023-01-12T18:41:23.8568709+09:00"
    },
    {
      "Query": "g cheff",
      "ExecutedDateTime": "2023-01-12T19:18:46.3882474+09:00"
    },
    {
      "Query": "papa 사랑해",
      "ExecutedDateTime": "2023-01-12T19:30:14.8805774+09:00"
    },
    {
      "Query": "파파 사랑해",
      "ExecutedDateTime": "2023-01-12T19:30:33.7267458+09:00"
    },
    {
      "Query": "gt 사랑해",
      "ExecutedDateTime": "2023-01-12T19:32:25.510235+09:00"
    },
    {
      "Query": "ㅇ무 포터블모니",
      "ExecutedDateTime": "2023-01-12T20:16:43.9167747+09:00"
    },
    {
      "Query": "ㅎ 뉴진스",
      "ExecutedDateTime": "2023-01-12T20:25:02.5125704+09:00"
    },
    {
      "Query": "ㅎ 민희진",
      "ExecutedDateTime": "2023-01-12T20:25:38.7262531+09:00"
    },
    {
      "Query": "gm 카프란 스토리",
      "ExecutedDateTime": "2023-01-13T11:30:52.2300505+09:00"
    },
    {
      "Query": "으 서울특별시 용산구 원효로2가 8-15",
      "ExecutedDateTime": "2023-01-13T11:32:54.1897164+09:00"
    },
    {
      "Query": "ㅎ 뉴욕 위경도",
      "ExecutedDateTime": "2023-01-13T12:14:28.2875854+09:00"
    },
    {
      "Query": "ㅛㅅ 비닐봉지 정리",
      "ExecutedDateTime": "2023-01-13T12:18:01.8915707+09:00"
    },
    {
      "Query": "ㅛㅅ 비닐장갑 정리",
      "ExecutedDateTime": "2023-01-13T12:19:02.5867696+09:00"
    },
    {
      "Query": "ㅎ 팬트리",
      "ExecutedDateTime": "2023-01-13T12:31:29.9006101+09:00"
    },
    {
      "Query": "ㅇ무 비닐정리",
      "ExecutedDateTime": "2023-01-13T12:32:36.6501652+09:00"
    },
    {
      "Query": "ㅎ cat and and",
      "ExecutedDateTime": "2023-01-13T12:52:13.2229531+09:00"
    },
    {
      "Query": "dan 벨크로테이프",
      "ExecutedDateTime": "2023-01-13T13:04:03.6043329+09:00"
    },
    {
      "Query": "dan 멀티탭정리함, 오브제탭",
      "ExecutedDateTime": "2023-01-13T13:04:45.8656738+09:00"
    },
    {
      "Query": "ㅇ무 3m 라운드 후크",
      "ExecutedDateTime": "2023-01-13T13:05:59.0805262+09:00"
    },
    {
      "Query": "ㅇ무 신지모루 마그네틱홀더",
      "ExecutedDateTime": "2023-01-13T13:06:30.8569497+09:00"
    },
    {
      "Query": "ㅇ무 매직케이블 전선정",
      "ExecutedDateTime": "2023-01-13T13:08:06.537396+09:00"
    },
    {
      "Query": "ㅛㅅ 자주사용하는 잠금패턴",
      "ExecutedDateTime": "2023-01-13T13:26:06.7644157+09:00"
    },
    {
      "Query": "ㅇ무 터치조",
      "ExecutedDateTime": "2023-01-13T13:41:35.2045278+09:00"
    },
    {
      "Query": "ㅇ무 터치조명",
      "ExecutedDateTime": "2023-01-13T13:41:41.59204+09:00"
    },
    {
      "Query": "ㅎ 다이소 터치조명",
      "ExecutedDateTime": "2023-01-13T13:42:31.8651321+09:00"
    },
    {
      "Query": "ㅎ 타공판 활용",
      "ExecutedDateTime": "2023-01-13T13:43:58.1844904+09:00"
    },
    {
      "Query": "ㅛㅅ 타공판 활용",
      "ExecutedDateTime": "2023-01-13T13:45:20.2885626+09:00"
    },
    {
      "Query": "흐 시에라네바다",
      "ExecutedDateTime": "2023-01-13T13:57:00.6582311+09:00"
    },
    {
      "Query": "ㅜㅁㄷ torrent",
      "ExecutedDateTime": "2023-01-13T14:05:17.5533413+09:00"
    },
    {
      "Query": "dan case",
      "ExecutedDateTime": "2023-01-13T14:07:25.2158438+09:00"
    },
    {
      "Query": "dan 케이스",
      "ExecutedDateTime": "2023-01-13T14:32:25.0512587+09:00"
    },
    {
      "Query": "ㅎ 투챔버 케이스",
      "ExecutedDateTime": "2023-01-13T14:37:03.3674603+09:00"
    },
    {
      "Query": "ㅇ무 AD400",
      "ExecutedDateTime": "2023-01-13T14:38:27.0307998+09:00"
    },
    {
      "Query": "ㅇ무 920T",
      "ExecutedDateTime": "2023-01-13T14:41:05.1433095+09:00"
    },
    {
      "Query": "ㅎ 투챔버 케이스",
      "ExecutedDateTime": "2023-01-13T14:44:12.1348297+09:00"
    },
    {
      "Query": "ㅛㅅ ad450",
      "ExecutedDateTime": "2023-01-13T14:52:40.5427206+09:00"
    },
    {
      "Query": "dan 770g",
      "ExecutedDateTime": "2023-01-13T14:56:14.911025+09:00"
    },
    {
      "Query": "dan dlx4000",
      "ExecutedDateTime": "2023-01-13T15:03:22.1181328+09:00"
    },
    {
      "Query": "g total commander icon dll",
      "ExecutedDateTime": "2023-01-13T15:26:38.4095308+09:00"
    },
    {
      "Query": "g windows icon dll",
      "ExecutedDateTime": "2023-01-13T15:30:11.0157391+09:00"
    },
    {
      "Query": "g how to make ico file from image",
      "ExecutedDateTime": "2023-01-13T15:51:12.6425072+09:00"
    },
    {
      "Query": "g icon edi",
      "ExecutedDateTime": "2023-01-13T15:57:22.7864805+09:00"
    },
    {
      "Query": "g PhotoDemon",
      "ExecutedDateTime": "2023-01-13T15:59:16.0451977+09:00"
    },
    {
      "Query": "dan 싱크대 하부장 압축봉",
      "ExecutedDateTime": "2023-01-13T16:35:40.0642138+09:00"
    },
    {
      "Query": "ㅇ무 싱크대 압축봉",
      "ExecutedDateTime": "2023-01-13T16:40:25.3638053+09:00"
    },
    {
      "Query": "ㅎ 싱크대 선반",
      "ExecutedDateTime": "2023-01-13T16:41:58.6356943+09:00"
    },
    {
      "Query": "ㅇ무 펜트리",
      "ExecutedDateTime": "2023-01-13T16:54:20.4453836+09:00"
    },
    {
      "Query": "ㅇ무 앵글선반",
      "ExecutedDateTime": "2023-01-13T16:55:18.4994208+09:00"
    },
    {
      "Query": "ㅎ how to wox default google search",
      "ExecutedDateTime": "2023-01-13T17:26:39.8706434+09:00"
    },
    {
      "Query": "g wox launch",
      "ExecutedDateTime": "2023-01-13T17:29:33.4591919+09:00"
    },
    {
      "Query": "ev 김",
      "ExecutedDateTime": "2023-01-13T17:33:29.9875773+09:00"
    },
    {
      "Query": "ㅎ flow launcher",
      "ExecutedDateTime": "2023-01-13T17:34:09.6281882+09:00"
    },
    {
      "Query": "setti",
      "ExecutedDateTime": "2023-01-13T17:36:26.1515671+09:00"
    },
    {
      "Query": "subl",
      "ExecutedDateTime": "2023-01-13T17:40:13.909513+09:00"
    },
    {
      "Query": "vs",
      "ExecutedDateTime": "2023-01-13T17:40:19.9640924+09:00"
    },
    {
      "Query": "python",
      "ExecutedDateTime": "2023-01-13T17:40:51.6435157+09:00"
    },
    {
      "Query": "photo",
      "ExecutedDateTime": "2023-01-13T17:41:14.9020695+09:00"
    }
  ]
}