{
  "Items": [
    {
      "Query": "hello",
      "ExecutedDateTime": "2022-07-06T09:40:49.005955+09:00"
    },
    {
      "Query": "g min",
      "ExecutedDateTime": "2022-07-06T09:42:34.3444176+09:00"
    },
    {
      "Query": "github pymin",
      "ExecutedDateTime": "2022-07-06T09:44:07.2250267+09:00"
    },
    {
      "Query": "g min",
      "ExecutedDateTime": "2022-07-06T09:51:55.9585899+09:00"
    },
    {
      "Query": "g json",
      "ExecutedDateTime": "2022-07-06T09:52:35.7767753+09:00"
    },
    {
      "Query": "ns ikea",
      "ExecutedDateTime": "2022-07-06T09:53:48.0213579+09:00"
    },
    {
      "Query": "danawa min",
      "ExecutedDateTime": "2022-07-06T10:02:52.9042841+09:00"
    },
    {
      "Query": "dm daejeon",
      "ExecutedDateTime": "2022-07-06T10:04:03.1119241+09:00"
    },
    {
      "Query": "nak mean",
      "ExecutedDateTime": "2022-07-06T10:07:50.8249217+09:00"
    },
    {
      "Query": "naa mean",
      "ExecutedDateTime": "2022-07-06T10:24:16.0778393+09:00"
    },
    {
      "Query": "nah",
      "ExecutedDateTime": "2022-07-06T10:24:41.1051016+09:00"
    },
    {
      "Query": "nah 국",
      "ExecutedDateTime": "2022-07-06T10:24:43.5701016+09:00"
    },
    {
      "Query": "duck min",
      "ExecutedDateTime": "2022-07-06T10:25:16.1897203+09:00"
    },
    {
      "Query": "g min",
      "ExecutedDateTime": "2022-07-06T10:28:49.9686436+09:00"
    },
    {
      "Query": "duck min",
      "ExecutedDateTime": "2022-07-06T10:29:00.3238484+09:00"
    },
    {
      "Query": "da min",
      "ExecutedDateTime": "2022-07-06T10:29:13.6145872+09:00"
    },
    {
      "Query": "na min",
      "ExecutedDateTime": "2022-07-06T10:29:18.5767605+09:00"
    },
    {
      "Query": "na 사",
      "ExecutedDateTime": "2022-07-06T10:30:21.1915229+09:00"
    },
    {
      "Query": "na 사랑",
      "ExecutedDateTime": "2022-07-06T10:30:29.34143+09:00"
    },
    {
      "Query": "na 김치",
      "ExecutedDateTime": "2022-07-06T10:30:39.2112907+09:00"
    },
    {
      "Query": "na 노트북추천",
      "ExecutedDateTime": "2022-07-06T10:30:59.5089684+09:00"
    },
    {
      "Query": "danawa 노트북",
      "ExecutedDateTime": "2022-07-06T10:31:15.0190537+09:00"
    },
    {
      "Query": "danawa 허브",
      "ExecutedDateTime": "2022-07-06T10:31:26.4750747+09:00"
    },
    {
      "Query": "g how to solve excel solver",
      "ExecutedDateTime": "2022-07-06T10:32:04.1409253+09:00"
    },
    {
      "Query": "yt mean",
      "ExecutedDateTime": "2022-07-06T10:32:18.8989811+09:00"
    },
    {
      "Query": "yt drangonball",
      "ExecutedDateTime": "2022-07-06T10:35:06.4914089+09:00"
    },
    {
      "Query": "g how to extract website from pyton",
      "ExecutedDateTime": "2022-07-06T10:35:33.357419+09:00"
    },
    {
      "Query": "chro",
      "ExecutedDateTime": "2022-07-06T10:37:49.5318556+09:00"
    },
    {
      "Query": "code",
      "ExecutedDateTime": "2022-07-06T10:38:00.5116213+09:00"
    },
    {
      "Query": "sub",
      "ExecutedDateTime": "2022-07-06T10:38:06.1487139+09:00"
    },
    {
      "Query": "t",
      "ExecutedDateTime": "2022-07-06T10:38:57.5408144+09:00"
    },
    {
      "Query": "tm",
      "ExecutedDateTime": "2022-07-06T10:39:02.3938622+09:00"
    },
    {
      "Query": "cont",
      "ExecutedDateTime": "2022-07-06T10:39:09.1971209+09:00"
    },
    {
      "Query": "na min",
      "ExecutedDateTime": "2022-07-06T12:16:28.4138649+09:00"
    },
    {
      "Query": "gh sdf",
      "ExecutedDateTime": "2022-07-06T13:35:12.026844+09:00"
    },
    {
      "Query": "duck lk",
      "ExecutedDateTime": "2022-07-06T13:36:03.1705094+09:00"
    },
    {
      "Query": "bing lk",
      "ExecutedDateTime": "2022-07-06T13:36:14.5745081+09:00"
    },
    {
      "Query": "g everything",
      "ExecutedDateTime": "2022-07-06T20:26:01.1693845+09:00"
    },
    {
      "Query": "> command",
      "ExecutedDateTime": "2022-07-06T21:19:01.2350916+09:00"
    },
    {
      "Query": "> cmd",
      "ExecutedDateTime": "2022-07-06T21:19:09.162134+09:00"
    },
    {
      "Query": "sc mi",
      "ExecutedDateTime": "2022-07-06T21:19:33.0362728+09:00"
    },
    {
      "Query": "g scalar min",
      "ExecutedDateTime": "2022-07-06T21:20:53.4816348+09:00"
    },
    {
      "Query": "s whpa",
      "ExecutedDateTime": "2022-07-06T21:23:02.7019677+09:00"
    },
    {
      "Query": "g 스촨성은 왜 지진이 많은가",
      "ExecutedDateTime": "2022-07-07T21:08:18.7501451+09:00"
    },
    {
      "Query": "gm 스촨성",
      "ExecutedDateTime": "2022-07-07T21:12:18.5801131+09:00"
    },
    {
      "Query": "gi min",
      "ExecutedDateTime": "2022-07-07T21:14:48.3060535+09:00"
    },
    {
      "Query": "gi love",
      "ExecutedDateTime": "2022-07-07T21:19:18.431174+09:00"
    },
    {
      "Query": "gi md",
      "ExecutedDateTime": "2022-07-07T21:20:31.562012+09:00"
    },
    {
      "Query": "gi min",
      "ExecutedDateTime": "2022-07-07T21:21:34.2598753+09:00"
    },
    {
      "Query": "gi love",
      "ExecutedDateTime": "2022-07-07T21:21:38.7331008+09:00"
    },
    {
      "Query": "nae min",
      "ExecutedDateTime": "2022-07-07T21:28:31.9292583+09:00"
    },
    {
      "Query": "ni love",
      "ExecutedDateTime": "2022-07-07T21:30:18.6036891+09:00"
    },
    {
      "Query": "di love",
      "ExecutedDateTime": "2022-07-07T21:31:15.1733865+09:00"
    },
    {
      "Query": "nm daejeon",
      "ExecutedDateTime": "2022-07-07T21:32:20.2238668+09:00"
    },
    {
      "Query": "nm 네이",
      "ExecutedDateTime": "2022-07-07T21:32:30.7784381+09:00"
    },
    {
      "Query": "nm 대전",
      "ExecutedDateTime": "2022-07-07T21:45:18.1496219+09:00"
    },
    {
      "Query": "gmail",
      "ExecutedDateTime": "2022-07-07T21:46:10.8882456+09:00"
    },
    {
      "Query": "gmail min",
      "ExecutedDateTime": "2022-07-07T21:46:13.0935459+09:00"
    },
    {
      "Query": "gmm",
      "ExecutedDateTime": "2022-07-07T21:47:28.8387995+09:00"
    },
    {
      "Query": "gmm 1",
      "ExecutedDateTime": "2022-07-07T21:47:29.3353802+09:00"
    },
    {
      "Query": "gmm f",
      "ExecutedDateTime": "2022-07-07T21:47:38.6483936+09:00"
    },
    {
      "Query": "g how to set acrobat open window screen in dual monitor",
      "ExecutedDateTime": "2022-07-08T14:01:22.2457508+09:00"
    },
    {
      "Query": "yes clean code",
      "ExecutedDateTime": "2022-07-09T20:23:38.4144622+09:00"
    },
    {
      "Query": "gmm 2",
      "ExecutedDateTime": "2022-07-09T20:24:15.8319698+09:00"
    },
    {
      "Query": "gmail min",
      "ExecutedDateTime": "2022-07-09T20:24:25.3051082+09:00"
    },
    {
      "Query": "g min",
      "ExecutedDateTime": "2022-07-09T20:24:40.8405047+09:00"
    },
    {
      "Query": "gi cnc keychain",
      "ExecutedDateTime": "2022-07-09T20:24:51.0964116+09:00"
    },
    {
      "Query": "pint min",
      "ExecutedDateTime": "2022-07-09T20:28:46.9096729+09:00"
    },
    {
      "Query": "pint keychain laser",
      "ExecutedDateTime": "2022-07-09T20:29:07.3017319+09:00"
    },
    {
      "Query": "trans passing",
      "ExecutedDateTime": "2022-07-09T20:31:47.4640123+09:00"
    },
    {
      "Query": "trans resolve",
      "ExecutedDateTime": "2022-07-09T20:33:04.0662584+09:00"
    },
    {
      "Query": "nae assymetric",
      "ExecutedDateTime": "2022-07-10T09:09:49.5975816+09:00"
    },
    {
      "Query": "mp3",
      "ExecutedDateTime": "2022-07-10T10:58:43.8044981+09:00"
    },
    {
      "Query": "nak 빙",
      "ExecutedDateTime": "2022-07-10T14:12:09.7341698+09:00"
    },
    {
      "Query": "naa 빙하",
      "ExecutedDateTime": "2022-07-10T14:12:57.2696454+09:00"
    },
    {
      "Query": "gi glacier blood",
      "ExecutedDateTime": "2022-07-10T14:13:16.5666452+09:00"
    },
    {
      "Query": "gt min",
      "ExecutedDateTime": "2022-07-10T19:43:24.6470817+09:00"
    },
    {
      "Query": "gt enclogure",
      "ExecutedDateTime": "2022-07-10T19:43:41.702761+09:00"
    },
    {
      "Query": "yt 대전",
      "ExecutedDateTime": "2022-07-10T22:40:06.1403498+09:00"
    },
    {
      "Query": "yt 리라이",
      "ExecutedDateTime": "2022-07-10T23:05:04.8719489+09:00"
    },
    {
      "Query": "gt google",
      "ExecutedDateTime": "2022-07-11T11:49:02.4514491+09:00"
    },
    {
      "Query": "danawa 과자 대용량",
      "ExecutedDateTime": "2022-07-11T11:49:19.9497485+09:00"
    },
    {
      "Query": "g 밀도 구하는 공",
      "ExecutedDateTime": "2022-07-11T11:57:19.3994967+09:00"
    },
    {
      "Query": "nak 우리",
      "ExecutedDateTime": "2022-07-11T19:28:15.8604169+09:00"
    },
    {
      "Query": "nae 우리",
      "ExecutedDateTime": "2022-07-11T19:29:18.7152199+09:00"
    },
    {
      "Query": "nae walk",
      "ExecutedDateTime": "2022-07-11T19:29:44.0678539+09:00"
    },
    {
      "Query": "danawa 하드",
      "ExecutedDateTime": "2022-07-11T19:31:06.6079487+09:00"
    },
    {
      "Query": "g 옥수수삶는 시",
      "ExecutedDateTime": "2022-07-11T21:07:48.4391149+09:00"
    },
    {
      "Query": "yt this is me",
      "ExecutedDateTime": "2022-07-11T23:30:48.0919438+09:00"
    },
    {
      "Query": "yt 8004m",
      "ExecutedDateTime": "2022-07-11T23:41:34.7010156+09:00"
    },
    {
      "Query": "gm 하와이",
      "ExecutedDateTime": "2022-07-11T23:49:55.4797268+09:00"
    },
    {
      "Query": "naa exotic",
      "ExecutedDateTime": "2022-07-12T00:37:30.9629062+09:00"
    },
    {
      "Query": "gt exotic",
      "ExecutedDateTime": "2022-07-12T00:37:59.6892871+09:00"
    },
    {
      "Query": "naa manuver",
      "ExecutedDateTime": "2022-07-12T00:38:08.9704779+09:00"
    },
    {
      "Query": "yt exotic maneuver",
      "ExecutedDateTime": "2022-07-12T00:39:49.5633756+09:00"
    },
    {
      "Query": "nae 따개비",
      "ExecutedDateTime": "2022-07-12T00:54:24.8998095+09:00"
    },
    {
      "Query": "yt magic number in physics",
      "ExecutedDateTime": "2022-07-12T01:23:13.7715889+09:00"
    },
    {
      "Query": "yt 137 magical number",
      "ExecutedDateTime": "2022-07-12T01:31:12.1119185+09:00"
    },
    {
      "Query": "yt process food",
      "ExecutedDateTime": "2022-07-12T06:16:29.0304909+09:00"
    },
    {
      "Query": "yt 모차렐라",
      "ExecutedDateTime": "2022-07-12T23:03:32.3225811+09:00"
    },
    {
      "Query": "g 메탄 화학식",
      "ExecutedDateTime": "2022-07-13T22:21:41.5823252+09:00"
    },
    {
      "Query": "gmail",
      "ExecutedDateTime": "2022-07-13T22:33:16.6201153+09:00"
    },
    {
      "Query": "gmail s",
      "ExecutedDateTime": "2022-07-13T22:33:17.8934935+09:00"
    },
    {
      "Query": "yt escape apple's hell",
      "ExecutedDateTime": "2022-07-13T23:56:28.3536125+09:00"
    },
    {
      "Query": "dm 삼성흉부외과",
      "ExecutedDateTime": "2022-07-14T17:43:48.4844929+09:00"
    },
    {
      "Query": "na 마늘쉽게 까는법",
      "ExecutedDateTime": "2022-07-14T18:40:44.6760983+09:00"
    },
    {
      "Query": "danawa 밤까는기계",
      "ExecutedDateTime": "2022-07-14T18:51:04.206337+09:00"
    },
    {
      "Query": "dm 유성구 유성대로 626번길 57",
      "ExecutedDateTime": "2022-07-14T21:40:50.9415206+09:00"
    },
    {
      "Query": "danawa thunderbolt dock",
      "ExecutedDateTime": "2022-07-15T05:37:24.1828543+09:00"
    },
    {
      "Query": "danawa Acasis Thunderbolt 3 dock",
      "ExecutedDateTime": "2022-07-15T05:49:18.4736742+09:00"
    },
    {
      "Query": "na ,min",
      "ExecutedDateTime": "2022-07-15T06:32:54.2813316+09:00"
    },
    {
      "Query": "na 유성노은도서",
      "ExecutedDateTime": "2022-07-15T13:13:03.1957268+09:00"
    },
    {
      "Query": "g 매직마우스 배터리교체 가격",
      "ExecutedDateTime": "2022-07-15T20:45:29.7365923+09:00"
    },
    {
      "Query": "gt embago",
      "ExecutedDateTime": "2022-07-15T21:52:55.5496662+09:00"
    },
    {
      "Query": "gm 미야기현",
      "ExecutedDateTime": "2022-07-16T14:21:52.924318+09:00"
    },
    {
      "Query": "g 곰플레이",
      "ExecutedDateTime": "2022-07-16T14:38:51.2231547+09:00"
    },
    {
      "Query": "g 팟플레이어",
      "ExecutedDateTime": "2022-07-16T14:42:30.5259467+09:00"
    },
    {
      "Query": "ㅛㅅ 장하",
      "ExecutedDateTime": "2022-07-16T15:26:41.9800383+09:00"
    },
    {
      "Query": "ㅛㅅ 페이팔 사용법",
      "ExecutedDateTime": "2022-07-16T15:27:01.5047472+09:00"
    },
    {
      "Query": "ㅎ 사랑",
      "ExecutedDateTime": "2022-07-16T15:30:26.0360704+09:00"
    },
    {
      "Query": "으 대전역",
      "ExecutedDateTime": "2022-07-16T15:31:31.2847104+09:00"
    },
    {
      "Query": "흐 미야기현",
      "ExecutedDateTime": "2022-07-16T15:32:18.8716273+09:00"
    },
    {
      "Query": "ㅎㅅ 우리",
      "ExecutedDateTime": "2022-07-16T15:33:17.7852867+09:00"
    },
    {
      "Query": "nam",
      "ExecutedDateTime": "2022-07-16T15:37:02.3073254+09:00"
    },
    {
      "Query": "nam d",
      "ExecutedDateTime": "2022-07-16T15:37:03.8063952+09:00"
    },
    {
      "Query": "ㅛㅅ 이병헌",
      "ExecutedDateTime": "2022-07-16T15:38:19.2929585+09:00"
    },
    {
      "Query": "흐 구",
      "ExecutedDateTime": "2022-07-16T15:39:05.6535766+09:00"
    },
    {
      "Query": "ㅇ",
      "ExecutedDateTime": "2022-07-16T15:41:02.5649782+09:00"
    },
    {
      "Query": "다 하드디스크",
      "ExecutedDateTime": "2022-07-16T15:43:12.3675379+09:00"
    },
    {
      "Query": "ㅜㅁㄷ 사랑",
      "ExecutedDateTime": "2022-07-16T15:46:36.1495258+09:00"
    },
    {
      "Query": "ㅜ모 김",
      "ExecutedDateTime": "2022-07-16T15:47:06.3291558+09:00"
    },
    {
      "Query": "ㅜㅁㄷ 우리",
      "ExecutedDateTime": "2022-07-16T15:47:17.4753267+09:00"
    },
    {
      "Query": "ㅜㅁㅁ 우리",
      "ExecutedDateTime": "2022-07-16T15:47:29.4725365+09:00"
    },
    {
      "Query": "다 han",
      "ExecutedDateTime": "2022-07-16T15:47:47.1508929+09:00"
    },
    {
      "Query": "ㅜㅡ 대전역",
      "ExecutedDateTime": "2022-07-16T15:48:39.9566751+09:00"
    },
    {
      "Query": "흐 서울",
      "ExecutedDateTime": "2022-07-16T15:48:54.2892506+09:00"
    },
    {
      "Query": "햐 시앤씨",
      "ExecutedDateTime": "2022-07-16T15:49:46.1279779+09:00"
    },
    {
      "Query": "햐 씨앤씨",
      "ExecutedDateTime": "2022-07-16T15:49:56.7167125+09:00"
    },
    {
      "Query": "흐ㅡ ㅡ",
      "ExecutedDateTime": "2022-07-16T15:51:28.8556214+09:00"
    },
    {
      "Query": "h hello world",
      "ExecutedDateTime": "2022-07-16T15:53:20.3327707+09:00"
    },
    {
      "Query": "h 29",
      "ExecutedDateTime": "2022-07-16T15:53:39.4940805+09:00"
    },
    {
      "Query": "h 2*",
      "ExecutedDateTime": "2022-07-16T15:53:45.5584752+09:00"
    },
    {
      "Query": "h dd",
      "ExecutedDateTime": "2022-07-16T15:54:19.278161+09:00"
    },
    {
      "Query": "h print(2+2)",
      "ExecutedDateTime": "2022-07-16T15:54:33.8018731+09:00"
    },
    {
      "Query": "dan usb-c",
      "ExecutedDateTime": "2022-07-16T15:58:36.9532189+09:00"
    },
    {
      "Query": "ㅜㅁㄷ 명예",
      "ExecutedDateTime": "2022-07-16T16:02:18.0635713+09:00"
    },
    {
      "Query": "다 공유기",
      "ExecutedDateTime": "2022-07-16T16:02:38.9992457+09:00"
    },
    {
      "Query": "dan iptime",
      "ExecutedDateTime": "2022-07-16T16:04:01.1273134+09:00"
    },
    {
      "Query": "g min",
      "ExecutedDateTime": "2022-07-16T16:04:06.422536+09:00"
    },
    {
      "Query": "g excel vba how to sorted list",
      "ExecutedDateTime": "2022-07-16T16:04:29.5337525+09:00"
    },
    {
      "Query": "ㅜㅁ 대전지역 도서관",
      "ExecutedDateTime": "2022-07-16T16:11:10.2390322+09:00"
    },
    {
      "Query": "ㅜㅁ 유성구 구암 평생학습센터",
      "ExecutedDateTime": "2022-07-16T16:14:54.1478409+09:00"
    },
    {
      "Query": "ㅛㅅ 충남대 도서관 이용법",
      "ExecutedDateTime": "2022-07-16T16:24:19.2218906+09:00"
    },
    {
      "Query": "gm 충남대",
      "ExecutedDateTime": "2022-07-17T12:40:38.2827113+09:00"
    },
    {
      "Query": "ㅛㄷㄴ 한국",
      "ExecutedDateTime": "2022-07-17T12:42:18.6765597+09:00"
    },
    {
      "Query": "ㅎ ㅁㄴㅇㄹ",
      "ExecutedDateTime": "2022-07-17T12:42:50.79286+09:00"
    },
    {
      "Query": "ㅜㅁㄷ 사전",
      "ExecutedDateTime": "2022-07-17T12:43:43.4772982+09:00"
    },
    {
      "Query": "ㅜㅡㅡ",
      "ExecutedDateTime": "2022-07-17T12:44:28.3674938+09:00"
    },
    {
      "Query": "ㅜㅡㅡ ㄴ",
      "ExecutedDateTime": "2022-07-17T12:44:29.14152+09:00"
    },
    {
      "Query": "쟈ㅏㅑ 자연",
      "ExecutedDateTime": "2022-07-17T12:46:17.8506425+09:00"
    },
    {
      "Query": "wiki 기생충",
      "ExecutedDateTime": "2022-07-17T12:46:30.9418698+09:00"
    },
    {
      "Query": "추ㅕ 사",
      "ExecutedDateTime": "2022-07-17T12:58:40.1187626+09:00"
    },
    {
      "Query": "추ㅕ 자바스크립트",
      "ExecutedDateTime": "2022-07-17T12:58:57.4314711+09:00"
    },
    {
      "Query": "다 고양이사료 20",
      "ExecutedDateTime": "2022-07-17T13:11:02.5533249+09:00"
    },
    {
      "Query": "쟈ㅏㅑ 김정은",
      "ExecutedDateTime": "2022-07-17T13:11:21.0719295+09:00"
    },
    {
      "Query": "wiki integral",
      "ExecutedDateTime": "2022-07-17T13:11:37.1344996+09:00"
    },
    {
      "Query": "gt acronyum",
      "ExecutedDateTime": "2022-07-17T13:12:48.152403+09:00"
    },
    {
      "Query": "naa acronym",
      "ExecutedDateTime": "2022-07-17T13:13:03.2794489+09:00"
    },
    {
      "Query": "g eclipse",
      "ExecutedDateTime": "2022-07-17T13:54:12.2899381+09:00"
    },
    {
      "Query": "yt java lecture",
      "ExecutedDateTime": "2022-07-17T13:56:14.0595523+09:00"
    },
    {
      "Query": "g intellij",
      "ExecutedDateTime": "2022-07-17T14:02:05.2477268+09:00"
    },
    {
      "Query": "g intellij com",
      "ExecutedDateTime": "2022-07-17T14:02:47.1082983+09:00"
    },
    {
      "Query": "g vscode",
      "ExecutedDateTime": "2022-07-17T14:05:03.7619976+09:00"
    },
    {
      "Query": "g cmder",
      "ExecutedDateTime": "2022-07-17T14:06:58.8300898+09:00"
    },
    {
      "Query": "g 대전 국비교육",
      "ExecutedDateTime": "2022-07-17T14:10:32.8306372+09:00"
    },
    {
      "Query": "ㅎ pycharm com",
      "ExecutedDateTime": "2022-07-17T14:12:34.421001+09:00"
    },
    {
      "Query": "g anaconda",
      "ExecutedDateTime": "2022-07-17T14:13:34.8814195+09:00"
    },
    {
      "Query": "yt intellij",
      "ExecutedDateTime": "2022-07-17T14:14:08.0584355+09:00"
    },
    {
      "Query": "g intellij",
      "ExecutedDateTime": "2022-07-17T14:22:10.9915556+09:00"
    },
    {
      "Query": "yt what is maven and gradle",
      "ExecutedDateTime": "2022-07-17T14:41:10.0191627+09:00"
    },
    {
      "Query": "ㅜㅁ 메이븐 그레이",
      "ExecutedDateTime": "2022-07-17T14:54:35.5839084+09:00"
    },
    {
      "Query": "추ㅕ 토비의 스프링",
      "ExecutedDateTime": "2022-07-17T14:58:31.5219131+09:00"
    },
    {
      "Query": "ㅜㅁㅁ 역전",
      "ExecutedDateTime": "2022-07-17T15:25:42.7158386+09:00"
    },
    {
      "Query": "ㅜㅁㄷ 역전",
      "ExecutedDateTime": "2022-07-17T15:26:00.3172043+09:00"
    },
    {
      "Query": "ㅎ jdk for m1",
      "ExecutedDateTime": "2022-07-17T15:50:00.2373235+09:00"
    },
    {
      "Query": "g msaccess open very laggy",
      "ExecutedDateTime": "2022-07-18T18:51:33.1482023+09:00"
    },
    {
      "Query": "g msaccess accdb open very laggy",
      "ExecutedDateTime": "2022-07-18T18:58:05.0650398+09:00"
    },
    {
      "Query": "g how to shutdown complete",
      "ExecutedDateTime": "2022-07-18T19:05:15.1772105+09:00"
    },
    {
      "Query": "g openwrt",
      "ExecutedDateTime": "2022-07-18T20:04:21.368349+09:00"
    },
    {
      "Query": "dan asus rt",
      "ExecutedDateTime": "2022-07-18T20:12:26.6576274+09:00"
    },
    {
      "Query": "cnu 사피엔스",
      "ExecutedDateTime": "2022-07-18T20:41:35.4235683+09:00"
    },
    {
      "Query": "ㅎ 충남대 5층 도서관 이",
      "ExecutedDateTime": "2022-07-18T20:42:21.1485442+09:00"
    },
    {
      "Query": "g satechi",
      "ExecutedDateTime": "2022-07-19T14:20:39.0516726+09:00"
    },
    {
      "Query": "cnu 사피엔스",
      "ExecutedDateTime": "2022-07-19T15:38:02.9696771+09:00"
    },
    {
      "Query": "g 공유기 추",
      "ExecutedDateTime": "2022-07-21T16:24:05.9401586+09:00"
    },
    {
      "Query": "g 공유기 추천",
      "ExecutedDateTime": "2022-07-21T16:24:20.3509007+09:00"
    },
    {
      "Query": "g ax 공유기 추천",
      "ExecutedDateTime": "2022-07-21T16:26:36.3199813+09:00"
    },
    {
      "Query": "ㅛㅅ 페이코 는",
      "ExecutedDateTime": "2022-07-21T17:40:57.3187935+09:00"
    },
    {
      "Query": "ㅎ 우리는",
      "ExecutedDateTime": "2022-07-22T01:06:53.6044559+09:00"
    },
    {
      "Query": "ㅛㅅ 우리는",
      "ExecutedDateTime": "2022-07-22T01:07:02.4629735+09:00"
    },
    {
      "Query": "추ㅕ 김상욱",
      "ExecutedDateTime": "2022-07-22T01:07:11.3562337+09:00"
    },
    {
      "Query": "흐 빅토리아",
      "ExecutedDateTime": "2022-07-22T01:07:27.0041271+09:00"
    },
    {
      "Query": "흐 빅토리아호",
      "ExecutedDateTime": "2022-07-22T01:07:35.5182297+09:00"
    },
    {
      "Query": "으 군포허브",
      "ExecutedDateTime": "2022-07-22T02:54:46.1993272+09:00"
    },
    {
      "Query": "ㅎ 대한통운 군포허브",
      "ExecutedDateTime": "2022-07-22T02:55:52.4371423+09:00"
    },
    {
      "Query": "으 경기도 군포시 부곡동 번영로 82",
      "ExecutedDateTime": "2022-07-22T02:56:11.7863656+09:00"
    },
    {
      "Query": "ㅎ 김용진",
      "ExecutedDateTime": "2022-07-28T18:03:02.3495693+09:00"
    },
    {
      "Query": "cmd",
      "ExecutedDateTime": "2022-07-28T18:05:39.4160214+09:00"
    },
    {
      "Query": "cnu 반도체넥스",
      "ExecutedDateTime": "2022-07-28T18:11:39.3967591+09:00"
    },
    {
      "Query": "ㅎ 양수영향반경",
      "ExecutedDateTime": "2022-07-28T19:55:50.3964218+09:00"
    },
    {
      "Query": "g influence radi",
      "ExecutedDateTime": "2022-07-28T19:56:52.8209144+09:00"
    },
    {
      "Query": "g effective rad",
      "ExecutedDateTime": "2022-07-28T20:00:32.3371957+09:00"
    },
    {
      "Query": "g 윈디",
      "ExecutedDateTime": "2022-07-28T20:41:05.3353364+09:00"
    },
    {
      "Query": "ㅎ 외계인",
      "ExecutedDateTime": "2022-07-28T20:43:50.9378948+09:00"
    },
    {
      "Query": "추ㅕ 계속 가봅시다 남는게 체력인데",
      "ExecutedDateTime": "2022-07-28T21:18:15.9707721+09:00"
    },
    {
      "Query": "ㅛㅅ 강기훈",
      "ExecutedDateTime": "2022-07-28T21:27:18.9921756+09:00"
    },
    {
      "Query": "흐 천수만",
      "ExecutedDateTime": "2022-07-28T21:30:48.6051476+09:00"
    },
    {
      "Query": "흐 알라카티",
      "ExecutedDateTime": "2022-07-28T21:35:28.817977+09:00"
    },
    {
      "Query": "dan 빅육개장",
      "ExecutedDateTime": "2022-07-29T11:44:02.9138629+09:00"
    },
    {
      "Query": "ㅎ 폴리아모리",
      "ExecutedDateTime": "2022-07-29T13:39:10.2104383+09:00"
    },
    {
      "Query": "g 서큐버스",
      "ExecutedDateTime": "2022-07-30T16:42:33.9392602+09:00"
    },
    {
      "Query": "ㅎ 옥의티 영어",
      "ExecutedDateTime": "2022-07-30T17:51:44.9701121+09:00"
    },
    {
      "Query": "흐 네팔",
      "ExecutedDateTime": "2022-07-30T20:39:20.2258557+09:00"
    },
    {
      "Query": "ㅎ 모에화",
      "ExecutedDateTime": "2022-07-30T20:44:24.747138+09:00"
    },
    {
      "Query": "ㅎ 윈디",
      "ExecutedDateTime": "2022-07-30T21:28:46.5184934+09:00"
    },
    {
      "Query": "g 윈디",
      "ExecutedDateTime": "2022-08-02T13:31:30.17239+09:00"
    },
    {
      "Query": "ㅛㅅ 가족끼리 왜이래",
      "ExecutedDateTime": "2022-08-02T14:19:45.6456045+09:00"
    },
    {
      "Query": "흐 토모노오라",
      "ExecutedDateTime": "2022-08-02T18:32:35.2956449+09:00"
    },
    {
      "Query": "g cass latency",
      "ExecutedDateTime": "2022-08-03T23:54:31.5743493+09:00"
    },
    {
      "Query": "gm 흑산도",
      "ExecutedDateTime": "2022-08-04T00:49:31.1197957+09:00"
    },
    {
      "Query": "햐 선도",
      "ExecutedDateTime": "2022-08-05T14:28:34.2115008+09:00"
    },
    {
      "Query": "햐 仙道",
      "ExecutedDateTime": "2022-08-05T14:28:59.3892236+09:00"
    },
    {
      "Query": "햐 후쿠시",
      "ExecutedDateTime": "2022-08-05T14:29:19.96273+09:00"
    },
    {
      "Query": "햐 후쿠시마",
      "ExecutedDateTime": "2022-08-05T14:29:24.4314732+09:00"
    },
    {
      "Query": "흐 후쿠시마",
      "ExecutedDateTime": "2022-08-05T14:29:34.390687+09:00"
    },
    {
      "Query": "ㅎ 슁글의 가용기간",
      "ExecutedDateTime": "2022-08-05T15:04:57.3434185+09:00"
    },
    {
      "Query": "흐 덕적도",
      "ExecutedDateTime": "2022-08-05T15:39:53.1107288+09:00"
    },
    {
      "Query": "흐 굴업도",
      "ExecutedDateTime": "2022-08-05T15:43:09.7132038+09:00"
    },
    {
      "Query": "dm 대전역",
      "ExecutedDateTime": "2022-08-16T18:06:20.8384807+09:00"
    },
    {
      "Query": "흐 네바",
      "ExecutedDateTime": "2022-08-16T18:31:27.0412205+09:00"
    },
    {
      "Query": "흐 네바다",
      "ExecutedDateTime": "2022-08-16T18:31:36.1448481+09:00"
    },
    {
      "Query": "gi 박학기",
      "ExecutedDateTime": "2022-08-18T07:00:24.3162443+09:00"
    },
    {
      "Query": "g how to micro sd card format",
      "ExecutedDateTime": "2022-08-18T09:12:21.6541785+09:00"
    },
    {
      "Query": "nae soil errsion",
      "ExecutedDateTime": "2022-08-25T15:18:49.738866+09:00"
    },
    {
      "Query": "nae soil errusion",
      "ExecutedDateTime": "2022-08-25T15:19:35.0277101+09:00"
    },
    {
      "Query": "nae soil erosion",
      "ExecutedDateTime": "2022-08-25T15:20:02.1722397+09:00"
    },
    {
      "Query": "calc",
      "ExecutedDateTime": "2022-08-25T15:48:31.0266109+09:00"
    },
    {
      "Query": "1884+430",
      "ExecutedDateTime": "2022-08-25T15:48:57.9816497+09:00"
    },
    {
      "Query": "2500-2314",
      "ExecutedDateTime": "2022-08-25T16:04:37.5941771+09:00"
    },
    {
      "Query": "g 김지윤",
      "ExecutedDateTime": "2022-08-25T18:32:56.3129391+09:00"
    },
    {
      "Query": "ㅛㅅ life challenge",
      "ExecutedDateTime": "2022-08-25T18:41:31.9059525+09:00"
    },
    {
      "Query": "nae absurd",
      "ExecutedDateTime": "2022-08-29T17:39:14.3382569+09:00"
    },
    {
      "Query": ">",
      "ExecutedDateTime": "2022-10-14T00:13:26.6982057+09:00"
    },
    {
      "Query": "w",
      "ExecutedDateTime": "2022-10-14T00:13:33.9170089+09:00"
    },
    {
      "Query": "g 김진태",
      "ExecutedDateTime": "2022-10-27T09:34:22.8746177+09:00"
    },
    {
      "Query": "흐 삿포로",
      "ExecutedDateTime": "2022-10-27T09:55:51.8854881+09:00"
    },
    {
      "Query": "g 피나치공 이란",
      "ExecutedDateTime": "2022-11-07T16:32:45.6067334+09:00"
    },
    {
      "Query": "ㅎ 마타도어 란",
      "ExecutedDateTime": "2022-11-07T16:34:47.7624584+09:00"
    },
    {
      "Query": "dm 홍천",
      "ExecutedDateTime": "2022-11-09T12:32:43.4426848+09:00"
    },
    {
      "Query": "으 공",
      "ExecutedDateTime": "2022-11-09T18:36:00.2465108+09:00"
    },
    {
      "Query": "으 강강술래",
      "ExecutedDateTime": "2022-11-09T18:37:23.0911209+09:00"
    },
    {
      "Query": "g 엔화환율",
      "ExecutedDateTime": "2022-11-10T17:14:32.3907304+09:00"
    },
    {
      "Query": "gm 콜로라도 덴버",
      "ExecutedDateTime": "2022-11-11T14:01:01.0872214+09:00"
    },
    {
      "Query": "na 마사키",
      "ExecutedDateTime": "2022-11-11T20:22:27.9204947+09:00"
    },
    {
      "Query": "gm 리비아",
      "ExecutedDateTime": "2022-11-14T14:34:08.2999667+09:00"
    },
    {
      "Query": "g 불수능 이란",
      "ExecutedDateTime": "2022-11-16T14:10:57.0477026+09:00"
    },
    {
      "Query": "dm 장대교차",
      "ExecutedDateTime": "2022-11-16T21:35:51.3867744+09:00"
    },
    {
      "Query": "ㅎ 이소라",
      "ExecutedDateTime": "2022-11-17T20:44:42.1744888+09:00"
    },
    {
      "Query": "gm 알바니아",
      "ExecutedDateTime": "2022-11-18T13:21:21.957602+09:00"
    },
    {
      "Query": "g 8700",
      "ExecutedDateTime": "2022-11-18T18:06:57.5318179+09:00"
    },
    {
      "Query": "gm 센터빌",
      "ExecutedDateTime": "2022-11-20T11:47:35.4297685+09:00"
    },
    {
      "Query": "gm 중이온가속기 연구",
      "ExecutedDateTime": "2022-11-20T15:56:42.6358535+09:00"
    },
    {
      "Query": "6",
      "ExecutedDateTime": "2022-11-21T13:25:07.3737977+09:00"
    },
    {
      "Query": "g 6750h",
      "ExecutedDateTime": "2022-11-21T13:25:09.9201305+09:00"
    },
    {
      "Query": "g dead city",
      "ExecutedDateTime": "2022-11-21T15:29:16.7439519+09:00"
    },
    {
      "Query": "g 갤럭시 워치3 스펙",
      "ExecutedDateTime": "2022-11-21T19:02:33.618017+09:00"
    },
    {
      "Query": "dan 케이블타이 148",
      "ExecutedDateTime": "2022-11-23T17:17:03.8375853+09:00"
    },
    {
      "Query": "g 택배도둑 영어로",
      "ExecutedDateTime": "2022-11-24T09:03:57.7196853+09:00"
    },
    {
      "Query": "ㅎ 간토지역",
      "ExecutedDateTime": "2022-11-24T09:31:47.8132019+09:00"
    },
    {
      "Query": "g 선운사",
      "ExecutedDateTime": "2022-11-24T11:57:32.4213274+09:00"
    }
  ]
}