{
  "records": {
    "Everything Client is not running": 3,
    "minSearch Google": 4,
    "pyminSearch Github": 1,
    "jsonSearch Google": 2,
    "ikeaSearch Naver Shopping": 1,
    "minSearch danawa": 1,
    "daejeonSearch Daum Map": 1,
    "meanSearch Naver Dic": 2,
    "Search Naver Hanja": 1,
    "국Search Naver Hanja": 1,
    "minSearch Duckduckgo": 2,
    "minSearch Daum": 1,
    "015_Terminal SettingD:\\11_exaData\\04_dev\\015_Terminal Setting": 1,
    "사Search Naver Search": 1,
    "사랑Search Naver Search": 1,
    "김치Search Naver Search": 1,
    "노트북추천Search Naver Search": 1,
    "노트북Search danawa": 1,
    "허브Search danawa": 1,
    "how to solve excel solverSearch Google": 1,
    "meanSearch Youtube": 1,
    "drangonballSearch Youtube": 1,
    "how to extract website from pytonSearch Google": 1,
    "ChromeC:\\ProgramData\\Microsoft\\Windows\\Start Menu\\Programs\\Chrome.lnk": 1,
    "Visual Studio CodeC:\\Users\\minhwasoo\\AppData\\Roaming\\Microsoft\\Windows\\Start Menu\\Programs\\Visual Studio Code\\Visual Studio Code.lnk": 1,
    "Sublime TextC:\\ProgramData\\Microsoft\\Windows\\Start Menu\\Programs\\Sublime Text.lnk": 1,
    "TemplatesC:\\Users\\minhwasoo\\AppData\\Roaming\\Microsoft\\Windows\\Start Menu\\Programs\\Selenium Basic\\Templates.lnk": 1,
    "Task ManagerC:\\ProgramData\\Microsoft\\Windows\\Start Menu\\Programs\\System Tools\\Task Manager.lnk": 1,
    "Control PanelC:\\Users\\minhwasoo\\AppData\\Roaming\\Microsoft\\Windows\\Start Menu\\Programs\\System Tools\\Control Panel.lnk": 1,
    "minSearch Naver Search": 1,
    "sdfSearch Github": 1,
    "lkSearch Duckduckgo": 1,
    "lkSearch Bing": 1,
    "everythingSearch Google": 1,
    "commandexecute command through command shell": 1,
    "cmdexecute command through command shell": 1,
    "Solitaire Collection: Microsoft Solitaire CollectionC:\\Program Files\\WindowsApps\\Microsoft.MicrosoftSolitaireCollection_4.13.5310.0_x64__8wekyb3d8bbwe": 1,
    "scalar minSearch Google": 1,
    "whpaSearch Google Scholar": 1,
    "스촨성은 왜 지진이 많은가Search Google": 1,
    "스촨성Search Google Maps": 1,
    "minSearch Google Image": 2,
    "loveSearch Google Image": 6,
    "mdSearch Google Image": 1,
    "minSearch English Naver Dictionary": 1,
    "loveSearch Naver Image": 1,
    "loveSearch Daum Image": 1,
    "daejeonSearch Naver Map": 1,
    "네이Search Naver Map": 1,
    "대전Search Naver Map": 1,
    "Search Gmail": 9,
    "minSearch Gmail": 2,
    "1Search Gmail": 1,
    "fSearch Gmail": 1,
    "how to set acrobat open window screen in dual monitorSearch Google": 1,
    "clean codeSearch Yes24 Book Search": 1,
    "2Search Gmail": 1,
    "cnc keychainSearch Google Image": 1,
    "minSearch Pinterrest": 1,
    "keychain laserSearch Pinterrest": 1,
    "passingSearch Google Translate": 1,
    "resolveSearch Google Translate": 1,
    "assymetricSearch English Naver Dictionary": 1,
    "Mp3tag HelpC:\\ProgramData\\Microsoft\\Windows\\Start Menu\\Programs\\Mp3tag\\Mp3tag Help.lnk": 1,
    "Mp3tagC:\\ProgramData\\Microsoft\\Windows\\Start Menu\\Programs\\Mp3tag\\Mp3tag.lnk": 1,
    "빙Search Korean Dictionary": 1,
    "빙하Search Naver Dic": 1,
    "glacier bloodSearch Google Image": 1,
    "minSearch Google Translate": 1,
    "enclogureSearch Google Translate": 1,
    "대전Search Youtube": 1,
    "리라이Search Youtube": 1,
    "googleSearch Google Translate": 1,
    "과자 대용량Search danawa": 1,
    "밀도 구하는 공Search Google": 1,
    "우리Search Korean Dictionary": 1,
    "우리Search English Naver Dictionary": 1,
    "walkSearch English Naver Dictionary": 1,
    "하드Search danawa": 1,
    "옥수수삶는 시Search Google": 1,
    "this is meSearch Youtube": 1,
    "8004mSearch Youtube": 1,
    "하와이Search Google Maps": 1,
    "exoticSearch Naver Dic": 1,
    "exoticSearch Google Translate": 1,
    "manuverSearch Naver Dic": 1,
    "exotic maneuverSearch Youtube": 1,
    "따개비Search English Naver Dictionary": 1,
    "magic number in physicsSearch Youtube": 1,
    "137 magical numberSearch Youtube": 1,
    "process foodSearch Youtube": 1,
    "모차렐라Search Youtube": 1,
    "메탄 화학식Search Google": 1,
    "sSearch Gmail": 1,
    "escape apple's hellSearch Youtube": 1,
    "삼성흉부외과Search Daum Map": 1,
    "마늘쉽게 까는법Search Naver Search": 1,
    "밤까는기계Search danawa": 1,
    "유성구 유성대로 626번길 57Search Daum Map": 1,
    "thunderbolt dockSearch danawa": 1,
    "Acasis Thunderbolt 3 dockSearch danawa": 1,
    ",minSearch Naver Search": 1,
    "유성노은도서Search Naver Search": 1,
    "매직마우스 배터리교체 가격Search Google": 1,
    "embagoSearch Google Translate": 1,
    "미야기현Search Google Maps": 1,
    "곰플레이Search Google": 1,
    "팟플레이어Search Google": 1,
    "장하Search 유튜브 ": 1,
    "페이팔 사용법Search 유튜브 ": 1,
    "사랑Search 구글검색": 1,
    "대전역Search 다음지도, 카카오맵 ": 1,
    "미야기현Search 구글맵, 구글지도": 1,
    "우리Search 구글번역 ": 1,
    "Search 네이버메일": 1,
    "dSearch 네이버메일": 1,
    "이병헌Search 유튜브 ": 1,
    "구Search 구글맵, 구글지도": 1,
    "ㅇㅁㅅㅁ.xlsD:\\09_hardRain\\01_2017\\2017영향조사\\2017 보령14 지구\\04. 웅천읍 수부리 120-1\\정천\\ㅇㅁㅅㅁ.xls": 1,
    "하드디스크Search 다나와": 1,
    "사랑Search 네이버 영한사전": 1,
    "김Search 네이버한자사전": 1,
    "우리Search 네이버 영한사전": 1,
    "우리Search 네이버사전": 1,
    "hanSearch 다나와": 1,
    "대전역Search 네이버지도 ": 1,
    "서울Search 구글맵, 구글지도": 1,
    "시앤씨Search 구글이미지 ": 1,
    "씨앤씨Search 구글이미지 ": 1,
    "ㅡSearch 구글메일": 1,
    "Hello WorldQuery: hello world": 1,
    "hcActivate Hello World CSharp plugin": 2,
    "Hello WorldQuery: dd": 1,
    "Hello WorldQuery: print(2+2)": 1,
    "usb-cSearch danawa": 1
  }
}