{
  "records": {
    "Everything Client is not running": 3,
    "minSearch Google": 3,
    "pyminSearch Github": 1,
    "jsonSearch Google": 2,
    "ikeaSearch Naver Shopping": 1,
    "minSearch danawa": 1,
    "daejeonSearch Daum Map": 1,
    "meanSearch Naver Dic": 2,
    "Search Naver Hanja": 1,
    "국Search Naver Hanja": 1,
    "minSearch Duckduckgo": 2,
    "minSearch Daum": 1,
    "015_Terminal SettingD:\\11_exaData\\04_dev\\015_Terminal Setting": 1,
    "사Search Naver Search": 1,
    "사랑Search Naver Search": 1,
    "김치Search Naver Search": 1,
    "노트북추천Search Naver Search": 1,
    "노트북Search danawa": 1,
    "허브Search danawa": 1,
    "how to solve excel solverSearch Google": 1,
    "meanSearch Youtube": 1,
    "drangonballSearch Youtube": 1,
    "how to extract website from pytonSearch Google": 1,
    "ChromeC:\\ProgramData\\Microsoft\\Windows\\Start Menu\\Programs\\Chrome.lnk": 1,
    "Visual Studio CodeC:\\Users\\minhwasoo\\AppData\\Roaming\\Microsoft\\Windows\\Start Menu\\Programs\\Visual Studio Code\\Visual Studio Code.lnk": 1,
    "Sublime TextC:\\ProgramData\\Microsoft\\Windows\\Start Menu\\Programs\\Sublime Text.lnk": 1,
    "TemplatesC:\\Users\\minhwasoo\\AppData\\Roaming\\Microsoft\\Windows\\Start Menu\\Programs\\Selenium Basic\\Templates.lnk": 1,
    "Task ManagerC:\\ProgramData\\Microsoft\\Windows\\Start Menu\\Programs\\System Tools\\Task Manager.lnk": 1,
    "Control PanelC:\\Users\\minhwasoo\\AppData\\Roaming\\Microsoft\\Windows\\Start Menu\\Programs\\System Tools\\Control Panel.lnk": 1,
    "minSearch Naver Search": 1,
    "sdfSearch Github": 1,
    "lkSearch Duckduckgo": 1,
    "lkSearch Bing": 1,
    "everythingSearch Google": 1,
    "commandexecute command through command shell": 1,
    "cmdexecute command through command shell": 1,
    "Solitaire Collection: Microsoft Solitaire CollectionC:\\Program Files\\WindowsApps\\Microsoft.MicrosoftSolitaireCollection_4.13.5310.0_x64__8wekyb3d8bbwe": 1,
    "scalar minSearch Google": 1,
    "whpaSearch Google Scholar": 1
  }
}