{
  "records": {
    "Everything Client is not running": 19,
    "minSearch Google": 5,
    "pyminSearch Github": 1,
    "jsonSearch Google": 2,
    "ikeaSearch Naver Shopping": 1,
    "minSearch danawa": 1,
    "daejeonSearch Daum Map": 1,
    "meanSearch Naver Dic": 2,
    "Search Naver Hanja": 1,
    "국Search Naver Hanja": 1,
    "minSearch Duckduckgo": 2,
    "minSearch Daum": 1,
    "015_Terminal SettingD:\\11_exaData\\04_dev\\015_Terminal Setting": 1,
    "사Search Naver Search": 1,
    "사랑Search Naver Search": 1,
    "김치Search Naver Search": 1,
    "노트북추천Search Naver Search": 1,
    "노트북Search danawa": 1,
    "허브Search danawa": 1,
    "how to solve excel solverSearch Google": 1,
    "meanSearch Youtube": 1,
    "drangonballSearch Youtube": 1,
    "how to extract website from pytonSearch Google": 1,
    "ChromeC:\\ProgramData\\Microsoft\\Windows\\Start Menu\\Programs\\Chrome.lnk": 1,
    "Visual Studio CodeC:\\Users\\minhwasoo\\AppData\\Roaming\\Microsoft\\Windows\\Start Menu\\Programs\\Visual Studio Code\\Visual Studio Code.lnk": 2,
    "Sublime TextC:\\ProgramData\\Microsoft\\Windows\\Start Menu\\Programs\\Sublime Text.lnk": 2,
    "TemplatesC:\\Users\\minhwasoo\\AppData\\Roaming\\Microsoft\\Windows\\Start Menu\\Programs\\Selenium Basic\\Templates.lnk": 1,
    "Task ManagerC:\\ProgramData\\Microsoft\\Windows\\Start Menu\\Programs\\System Tools\\Task Manager.lnk": 1,
    "Control PanelC:\\Users\\minhwasoo\\AppData\\Roaming\\Microsoft\\Windows\\Start Menu\\Programs\\System Tools\\Control Panel.lnk": 1,
    "minSearch Naver Search": 1,
    "sdfSearch Github": 1,
    "lkSearch Duckduckgo": 1,
    "lkSearch Bing": 1,
    "everythingSearch Google": 1,
    "commandexecute command through command shell": 1,
    "cmdexecute command through command shell": 1,
    "Solitaire Collection: Microsoft Solitaire CollectionC:\\Program Files\\WindowsApps\\Microsoft.MicrosoftSolitaireCollection_4.13.5310.0_x64__8wekyb3d8bbwe": 1,
    "scalar minSearch Google": 1,
    "whpaSearch Google Scholar": 1,
    "스촨성은 왜 지진이 많은가Search Google": 1,
    "스촨성Search Google Maps": 1,
    "minSearch Google Image": 2,
    "loveSearch Google Image": 6,
    "mdSearch Google Image": 1,
    "minSearch English Naver Dictionary": 1,
    "loveSearch Naver Image": 1,
    "loveSearch Daum Image": 1,
    "daejeonSearch Naver Map": 1,
    "네이Search Naver Map": 1,
    "대전Search Naver Map": 1,
    "Search Gmail": 9,
    "minSearch Gmail": 2,
    "1Search Gmail": 1,
    "fSearch Gmail": 1,
    "how to set acrobat open window screen in dual monitorSearch Google": 1,
    "clean codeSearch Yes24 Book Search": 1,
    "2Search Gmail": 1,
    "cnc keychainSearch Google Image": 1,
    "minSearch Pinterrest": 1,
    "keychain laserSearch Pinterrest": 1,
    "passingSearch Google Translate": 1,
    "resolveSearch Google Translate": 1,
    "assymetricSearch English Naver Dictionary": 1,
    "Mp3tag HelpC:\\ProgramData\\Microsoft\\Windows\\Start Menu\\Programs\\Mp3tag\\Mp3tag Help.lnk": 1,
    "Mp3tagC:\\ProgramData\\Microsoft\\Windows\\Start Menu\\Programs\\Mp3tag\\Mp3tag.lnk": 1,
    "빙Search Korean Dictionary": 1,
    "빙하Search Naver Dic": 1,
    "glacier bloodSearch Google Image": 1,
    "minSearch Google Translate": 1,
    "enclogureSearch Google Translate": 1,
    "대전Search Youtube": 1,
    "리라이Search Youtube": 1,
    "googleSearch Google Translate": 1,
    "과자 대용량Search danawa": 1,
    "밀도 구하는 공Search Google": 1,
    "우리Search Korean Dictionary": 1,
    "우리Search English Naver Dictionary": 1,
    "walkSearch English Naver Dictionary": 1,
    "하드Search danawa": 1,
    "옥수수삶는 시Search Google": 1,
    "this is meSearch Youtube": 1,
    "8004mSearch Youtube": 1,
    "하와이Search Google Maps": 1,
    "exoticSearch Naver Dic": 1,
    "exoticSearch Google Translate": 1,
    "manuverSearch Naver Dic": 1,
    "exotic maneuverSearch Youtube": 1,
    "따개비Search English Naver Dictionary": 1,
    "magic number in physicsSearch Youtube": 1,
    "137 magical numberSearch Youtube": 1,
    "process foodSearch Youtube": 1,
    "모차렐라Search Youtube": 1,
    "메탄 화학식Search Google": 1,
    "sSearch Gmail": 1,
    "escape apple's hellSearch Youtube": 1,
    "삼성흉부외과Search Daum Map": 1,
    "마늘쉽게 까는법Search Naver Search": 1,
    "밤까는기계Search danawa": 1,
    "유성구 유성대로 626번길 57Search Daum Map": 1,
    "thunderbolt dockSearch danawa": 1,
    "Acasis Thunderbolt 3 dockSearch danawa": 1,
    ",minSearch Naver Search": 1,
    "유성노은도서Search Naver Search": 1,
    "매직마우스 배터리교체 가격Search Google": 1,
    "embagoSearch Google Translate": 1,
    "미야기현Search Google Maps": 1,
    "곰플레이Search Google": 1,
    "팟플레이어Search Google": 1,
    "장하Search 유튜브 ": 1,
    "페이팔 사용법Search 유튜브 ": 1,
    "사랑Search 구글검색": 1,
    "대전역Search 다음지도, 카카오맵 ": 1,
    "미야기현Search 구글맵, 구글지도": 1,
    "우리Search 구글번역 ": 1,
    "Search 네이버메일": 1,
    "dSearch 네이버메일": 1,
    "이병헌Search 유튜브 ": 1,
    "구Search 구글맵, 구글지도": 1,
    "ㅇㅁㅅㅁ.xlsD:\\09_hardRain\\01_2017\\2017영향조사\\2017 보령14 지구\\04. 웅천읍 수부리 120-1\\정천\\ㅇㅁㅅㅁ.xls": 1,
    "하드디스크Search 다나와": 1,
    "사랑Search 네이버 영한사전": 1,
    "김Search 네이버한자사전": 1,
    "우리Search 네이버 영한사전": 1,
    "우리Search 네이버사전": 1,
    "hanSearch 다나와": 1,
    "대전역Search 네이버지도 ": 1,
    "서울Search 구글맵, 구글지도": 1,
    "시앤씨Search 구글이미지 ": 1,
    "씨앤씨Search 구글이미지 ": 1,
    "ㅡSearch 구글메일": 1,
    "Hello WorldQuery: hello world": 1,
    "hcActivate Hello World CSharp plugin": 2,
    "Hello WorldQuery: dd": 1,
    "Hello WorldQuery: print(2+2)": 1,
    "usb-cSearch danawa": 1,
    "명예Search 네이버 영한사전": 1,
    "공유기Search 다나와": 1,
    "iptimeSearch danawa": 1,
    "excel vba how to sorted listSearch Google": 1,
    "대전지역 도서관Search 네이버검색 ": 1,
    "유성구 구암 평생학습센터Search 네이버검색 ": 1,
    "충남대 도서관 이용법Search 유튜브 ": 1,
    "충남대Search Google Maps": 1,
    "한국Search 예스24, 도서검색": 1,
    "ㅁㄴㅇㄹSearch 구글검색": 1,
    "사전Search 네이버 영한사전": 1,
    "Search 네이버메일 ": 2,
    "ㄴSearch 네이버메일 ": 1,
    "자연Search 위키피디아 ": 1,
    "기생충Search Wikipedia": 1,
    "사Search 충남대도서관 ": 1,
    "자바스크립트Search 충남대도서관 ": 1,
    "고양이사료 20Search 다나와": 1,
    "김정은Search 위키피디아 ": 1,
    "integralSearch Wikipedia": 1,
    "acronyumSearch Google Translate": 1,
    "acronymSearch Naver Dic": 1,
    "eclipseSearch Google": 1,
    "java lectureSearch Youtube": 1,
    "intellijSearch Google": 1,
    "intellij communitySearch Google": 1,
    "vscodeSearch Google": 1,
    "cmderSearch Google": 1,
    "대전 국비교육Search Google": 1,
    "pycharm communitySearch 구글검색": 1,
    "anaconda downloadSearch Google": 1,
    "intellijSearch Youtube": 1,
    "intellij 단축키Search Google": 1,
    "what is maven and gradleSearch Youtube": 1,
    "메이븐 그레이Search 네이버검색 ": 1,
    "토비의 스프링Search 충남대도서관 ": 1,
    "역전Search 네이버사전": 1,
    "역전Search 네이버 영한사전": 1,
    "jdk for m1Search 구글검색": 1,
    "msaccess open very laggySearch Google": 1,
    "msaccess accdb open very laggySearch Google": 1,
    "how to shutdown completely windows 10Search Google": 1,
    "openwrtSearch Google": 1,
    "asus rt-ax55Search danawa": 1,
    "asus rt-ax55 단점Search danawa": 1,
    "사피엔스Search 충남대도서관 ": 2,
    "충남대 5층 도서관 이Search 구글검색": 1,
    "satechiSearch Google": 1,
    "공유기 추Search Google": 1,
    "공유기 추천Search Google": 1,
    "ax 공유기 추천Search Google": 1,
    "페이코 는Search 유튜브 ": 1,
    "우리는Search 구글검색": 1,
    "우리는Search 유튜브 ": 1,
    "김상욱Search 충남대도서관 ": 1,
    "빅토리아Search 구글맵, 구글지도": 1,
    "빅토리아호Search 구글맵, 구글지도": 1,
    "군포허브Search 다음지도, 카카오맵 ": 1,
    "대한통운 군포허브Search 구글검색": 1,
    "경기도 군포시 부곡동 번영로 82Search 다음지도, 카카오맵 ": 1,
    "김용진Search 구글검색": 1,
    "Start Chrome DebugC:\\Users\\minhwasoo\\AppData\\Roaming\\Microsoft\\Windows\\Start Menu\\Programs\\Selenium Basic\\Start Chrome Debug.lnk": 1,
    "Command PromptC:\\Users\\minhwasoo\\AppData\\Roaming\\Microsoft\\Windows\\Start Menu\\Programs\\System Tools\\Command Prompt.lnk": 1,
    "반도체넥스트시나리오Search 충남대도서관 ": 1,
    "양수영향반경Search 구글검색": 1,
    "influence radiusSearch Google": 1,
    "effective radiusSearch Google": 1,
    "윈디날씨Search Google": 1,
    "외계인 2 부Search 구글검색": 1,
    "외계인 관객수Search 구글검색": 1,
    "계속 가봅시다 남는게 체력인데Search 충남대도서관 ": 1,
    "강기훈Search 유튜브 ": 1,
    "천수만Search 구글맵, 구글지도": 1,
    "알라카티Search 구글맵, 구글지도": 1,
    "빅육개장Search danawa": 1,
    "폴리아모리Search 구글검색": 1,
    "서큐버스Search Google": 1,
    "옥의티 영어Search 구글검색": 1,
    "네팔Search 구글맵, 구글지도": 1,
    "모에화Search 구글검색": 1,
    "윈디Search 구글검색": 1,
    "윈디Search Google": 1,
    "가족끼리 왜이래Search 유튜브 ": 1,
    "토모노오라Search 구글맵, 구글지도": 1,
    "cass latencySearch Google": 1,
    "흑산도Search Google Maps": 1,
    "선도Search 구글이미지 ": 1,
    "仙道Search 구글이미지 ": 1,
    "후쿠시Search 구글이미지 ": 1,
    "후쿠시마Search 구글이미지 ": 1,
    "후쿠시마Search 구글맵, 구글지도": 1,
    "슁글의 가용기간Search 구글검색": 1,
    "덕적도Search 구글맵, 구글지도": 1,
    "굴업도Search 구글맵, 구글지도": 1,
    "대전역Search Daum Map": 1,
    "네바Search 구글맵, 구글지도": 1,
    "네바다Search 구글맵, 구글지도": 1,
    "박학기Search Google Image": 1,
    "how to fix micro sd card cannot formatSearch Google": 1,
    "soil errsionSearch English Naver Dictionary": 1,
    "soil errusionSearch English Naver Dictionary": 1,
    "soil erosionSearch English Naver Dictionary": 1,
    "PC Health CheckC:\\Users\\minhwasoo\\AppData\\Roaming\\Microsoft\\Windows\\Start Menu\\Programs\\PC Health Check.lnk": 1,
    "2314Copy this number to the clipboard": 1,
    "186Copy this number to the clipboard": 1,
    "김지윤Search Google": 1,
    "life challengeSearch 유튜브 ": 1,
    "absurdSearch English Naver Dictionary": 1,
    "commandthis command has been executed 1 times": 1,
    "김진태Search Google": 1,
    "삿포로Search 구글맵, 구글지도": 1,
    "피나치공 이란Search Google": 1,
    "마타도어 란Search 구글검색": 1,
    "홍천Search Daum Map": 1,
    "공Search 다음지도, 카카오맵 ": 1,
    "강강술래Search 다음지도, 카카오맵 ": 1,
    "엔화환율Search Google": 1,
    "콜로라도 덴버Search Google Maps": 1,
    "마사키Search Naver Search": 1,
    "리비아Search Google Maps": 1,
    "불수능 이란Search Google": 1,
    "장대교차Search Daum Map": 1,
    "이소라Search 구글검색": 1,
    "알바니아Search Google Maps": 1,
    "8700Search Google": 1,
    "센터빌Search Google Maps": 1,
    "중이온가속기 연구Search Google Maps": 1,
    "6750hSearch Google": 1,
    "dead citySearch Google": 1,
    "갤럭시 워치3 스펙Search Google": 1,
    "케이블타이 148Search danawa": 1,
    "택배도둑 영어로Search Google": 1,
    "간토지역Search 구글검색": 1,
    "선운사Search Google": 1,
    "체Search Google Maps": 1,
    "뉴질랜드Search Google Maps": 1,
    "뉴질랜드 날씨Search 구글검색": 1,
    "데일리Search Naver Map": 1,
    "오윤기 컴퓨터Search Naver Map": 1,
    "테일러시Search 구글맵, 구글지도": 1,
    "유성구 신성남로 61번길 28Search Daum Map": 1,
    "합정Search 다음지도, 카카오맵 ": 1,
    "크로아티아Search Google Maps": 1,
    "그디니아Search Google Maps": 1,
    "가고시마Search 구글맵, 구글지도": 1,
    "단둥Search Google Maps": 1,
    "징기스칸 그룹Search 구글검색": 1,
    "브루나이Search 구글맵, 구글지도": 1,
    "코타키나발루Search 구글맵, 구글지도": 1,
    "나고야Search Google Maps": 1,
    "엘살바도르Search Google Maps": 1,
    "Serial Experiments LainSearch Youtube": 1,
    "홋카이도Search Google Maps": 1,
    "드레스덴Search Google Maps": 1,
    "카마쿠라Search Google Maps": 1,
    "후베이성Search Google Maps": 1,
    "세르비아Search 구글맵, 구글지도": 1,
    "Paradise.LostSearch Youtube": 1,
    "이브의 시간Search Youtube": 1,
    "코소보Search 구글맵, 구글지도": 1,
    "에스토니아Search 구글맵, 구글지도": 1,
    "The King of EdenSearch 유튜브 ": 1,
    "카파도키아Search Google Maps": 1,
    "몬테네그로Search Google Maps": 1,
    "일본 쓰레기 분리수거Search 유튜브 ": 1,
    "금융감독원Search 구글검색": 1,
    "칸쿤Search 구글맵, 구글지도": 1,
    "식장산Search 다음지도, 카카오맵 ": 1,
    "지티재Search Daum Map": 1,
    "지티재Search 구글맵, 구글지도": 1,
    "삼청동 소샌드Search 구글검색": 1,
    "삼청동 소샌드Search 구글맵, 구글지도": 1,
    "폴란드Search 구글맵, 구글지도": 1,
    "감악산Search 다음지도, 카카오맵 ": 1,
    "마가리타Search Google": 1,
    "몰도Search 구글맵, 구글지도": 1,
    "야누코비치Search Google": 1,
    "오리하르콘Search 구글검색": 1,
    "영국 남해회사Search Google": 1,
    "충남 천안시 서북구 쌍용대로 190Search Daum Map": 1,
    "팩맨과 무시무시한 모험Search Youtube": 1,
    "수라한식뷔페Search Daum Map": 1,
    "파라노만Search Youtube": 1,
    "츄나 ?Search Google": 1,
    "니가타현Search Google Maps": 1,
    "몰도바Search 구글맵, 구글지도": 1,
    "센Search Daum Map": 1,
    "regeditexecute command through command shell": 1,
    "chuo city areaSearch Google Maps": 1,
    "니카라과Search Google Maps": 1,
    "부덕의길드Search 유튜브 ": 1,
    "이세상한구석에Search 유튜브 ": 1,
    "노령산Search Daum Map": 1,
    "미네소타Search 구글맵, 구글지도": 1,
    "괴산Search Google Maps": 1,
    "몰도바Search Google Maps": 1,
    "레트로게Search 다음지도, 카카오맵 ": 1,
    "버팔로주Search Google Maps": 1,
    "Nintendo Switch system software (also known by its codename HorizonSearch 유튜브 ": 1,
    "군위Search Daum Map": 1,
    "ax3004bcmSearch Youtube": 1,
    "cctv 용 hdd pc사용Search Google": 1,
    "tplink axe75Search 구글검색": 1,
    "tplink native countrySearch Google": 1,
    "영월Search Google Maps": 1,
    "대전 야영장Search Youtube": 1,
    "흑석동Search 구글맵, 구글지도": 1,
    "스위스Search Google Maps": 1,
    "저스트 비코즈Search 유튜브 ": 1,
    "어째서 여기에 선생님이!?Search 유튜브 ": 1,
    "Gunsmith CatsSearch 유튜브 ": 1,
    "육화의 용사 Rokka no Yuusha -Search 유튜브 ": 1,
    "고흥Search Google Maps": 1,
    "mreSearch 구글검색": 1,
    "청강대Search Google Maps": 1,
    "Onipan! おSearch Youtube": 1,
    "이과가 사랑에 빠졌기에 증명해보았다Search Youtube": 1,
    "이세계 콰르텟 : 어나더 월드Search Youtube": 1,
    "Akuyaku Reijou nano de Last Boss o Katte MimashitaSearch Youtube": 1,
    "애틀란타Search Google Maps": 1,
    "it 시스템Search 다음지도, 카카오맵 ": 1,
    "러브 콤플렉스Search Youtube": 1,
    "치바현Search Google Maps": 1,
    "사목공원캠핑장Search 구글맵, 구글지도": 1,
    "침향Search 구글검색": 1,
    "히싱Search Google": 1,
    "아서 스틸 웰Search Youtube": 1,
    "irst stands forSearch Google": 1,
    "마다가스카르Search Google Maps": 1,
    "xenia forza horizon 2Search 구글검색": 1,
    "gamecube emulatorSearch Google": 1,
    "rx590 vs 1070Search Google": 1,
    "do it yourself 애니Search Youtube": 1,
    "what is jtag/rgh xbox 360Search Youtube": 1,
    "9600k vs 6700xSearch Google": 1,
    "xbox 360 vs ps4Search Google": 1,
    "Netgear Orbi WiFi 6ESearch danawa": 1,
    "Asus RT-AX86USearch danawa": 1,
    "blue ray driveSearch danawa": 1,
    "how to install game ps4 external ssdSearch Youtube": 1,
    "ps4 wrc10Search danawa": 1,
    "7900xtxSearch danawa": 1,
    "7900xtx vs 4070tiSearch Google": 1,
    "4070tiSearch danawa": 1,
    "신들의 지팡이Search Youtube": 1,
    "3070tiSearch 다나와": 1,
    "zen4 cpuSearch danawa": 1,
    "psp vs ps vita which is betterSearch Google": 1,
    "psvita emulatorSearch Google": 1,
    "ps vita racing gamesSearch Google": 1,
    "ps vita racing gamesSearch Youtube": 1,
    "psvita asphalt injection romSearch Google": 1,
    "psvita biosSearch Google": 2,
    "xbox one emulatorSearch Google": 1,
    "xbox 360 vs xbox one which is betterSearch Google": 1,
    "xbox historySearch Google": 1,
    "xbox one romSearch Google": 1,
    "xbox one racing gamesSearch Google": 1,
    "forza horizon4 fortune island romSearch Google": 1,
    "ps vita biosSearch Naver Search": 1,
    "how to play psvita game on vita3kSearch Youtube": 1,
    "psvita asphalt vita3k settingSearch Google": 1,
    "vita3k analogue stickSearch Google": 1,
    "how to use vita3k analog stickSearch Google": 1,
    "asphalt gameSearch Google": 1,
    "asphalt extremeSearch Youtube": 1,
    "asphalt 3d 3dsSearch Youtube": 1,
    "nintend 3dsSearch Google": 1,
    "asphalt 3d 3ds romSearch Google": 2,
    "how to decrypt cia fileSearch Google": 1,
    "xenia world rally championship 5 settingSearch Google": 1,
    "xenia WRC 5 settingSearch Google": 1,
    "xenia how to run openglSearch Google": 1,
    "ps4 dirt rallySearch Google": 1,
    "ps4 dirt rallySearch danawa": 1,
    "ps3 dirt rallySearch Google": 1,
    "rpcs3 granturismo settingSearch Google": 1,
    "psp racing gamesSearch Google": 1,
    "test drive dominator psp romSearch Google": 1,
    "out run psp romSearch Google": 1,
    "how to configure pad setting in psppSearch Google": 1,
    "vpk fileSearch Google": 1,
    "sim flight gearSearch Youtube": 1,
    "how to connect switch controller to pcSearch Youtube": 1,
    "나리타공항Search Google Maps": 1,
    "불가리아Search 구글맵, 구글지도": 1,
    "ps3 what generationSearch 구글검색": 1,
    "wii emulatorSearch Google": 1,
    "dirt2 wii romSearch Google": 1,
    "xbox360 racing gameSearch Google": 1,
    "how to play xenia dirt showdownSearch Youtube": 1,
    "xenia Xbox Live.Search Google": 1,
    "how to setup xenia xam-live-signin-requiredSearch Google": 1,
    "xbox forza horizon 5Search danawa": 1,
    "kartriderSearch Google": 1,
    "dirt rally ps4Search danawa": 1,
    "ps4 dirt rally 2.0Search Google": 1,
    "dirt 5 ps4Search Youtube": 1,
    "설치되어있다 띠어쓰Search Google": 1,
    "ps4 거치대Search danawa": 1,
    "dvi selectorSearch danawa": 1,
    "epic games 탈취된 계정 복Search Google": 1,
    "리버리Search 구글검색": 1,
    "4090지원 파워Search Google": 1,
    "xbox is better than playstationSearch 유튜브 ": 1,
    "sapphire rapidsSearch Google": 1,
    "sapphire rapidsSearch Youtube": 1,
    "어빵이 with 손에 잡히는 경제Search Google": 1,
    "사파이어 래 피즈Search 구글검색": 1,
    "need for speed the run xboxSearch 구글검색": 1,
    "gran turismo 2Search Youtube": 1,
    "ridge raceer ps1 romSearch Google": 1,
    "kingkong2 proSearch danawa": 1,
    "intel server cpu everyday useSearch Youtube": 1,
    "intel server cpu what they used forSearch Google": 1,
    "8bitdo ultimate bluetoothSearch danawa": 1,
    "크레앙 5in1 USB 타입 C OTG 카드 리더기Search danawa": 1,
    "다이소 미니토치Search Youtube": 1,
    "라이타용가스Search 다나와": 1,
    "제트점화기Search 다나와": 1,
    "휴대용토치Search 다나와": 1,
    "소토 슬라이딩 토치Search 다나와": 1,
    "이영돈Search 유튜브 ": 1,
    "real flight simulatorSearch 유튜브 ": 1,
    "inu oh animeSearch Youtube": 1,
    "project cars 3Search Youtube": 1,
    "sega saturn vs ps2Search Google": 1,
    "sddr-489Search danawa": 2,
    "Xbox Elite Series 2 ControllerSearch danawa": 1,
    "ai 훈련 음성 더빙 프로그램Search Google": 1,
    "타입캐스트Search 구글검색": 1,
    "타입캐스트 목소리Search 유튜브 ": 1,
    "나만의 목소리로 더빙 ttsSearch 유튜브 ": 1,
    "휴멜로 프로소디Search Google": 1,
    "네이버 클로바더빙Search Google": 1,
    "네오사피엔스 타입캐스트Search Google": 1,
    "vrewSearch Google": 1,
    "내목소리로 tts 만들기Search Google": 1,
    "코난보이스Search 구글검색": 1,
    "guiding lineSearch 구글검색": 1,
    "요비선 영어로Search Google": 1,
    "상고대Search 구글검색": 1,
    "구찌커플Search 유튜브 ": 1,
    "시퀀스 12Search 구글검색": 1,
    "고장난 고양이Search 유튜브 ": 1,
    "생활의 지혜Search 유튜브 ": 1,
    "quick flash 지원보드Search danawa": 1,
    "데일리컴Search 유튜브 ": 1,
    "q플레시 지원 보드Search 구글검색": 1,
    "msi 플래시Search 구글검색": 1,
    "cpu 없이 바이오스 업데이트Search 구글검색": 1,
    "플래시바이오스 - MSISearch 유튜브 ": 1,
    "아수스 ez flashSearch 유튜브 ": 1,
    "asus bios update without cpuSearch Youtube": 1,
    "gigabyte bios update without cpuSearch Youtube": 1,
    "msi bios update without cpuSearch Youtube": 1,
    "BesaviorSearch danawa": 1,
    "ps4 엘리트패드Search danawa": 1,
    "ak550Search 구글검색": 1,
    "투명비Search danawa": 1,
    "수제비누 만들기Search 유튜브 ": 1,
    "수제비누 키트Search 다나와": 1,
    "수제비누 만들기Search 다나와": 1,
    "수제몰드Search 다나와": 1,
    "실리콘 몰드Search 다나와": 1,
    "UM 690Search 다나와": 1,
    "PowerA Fusion Pro 2Search 다나와": 1,
    "무선랜카Search 다나와": 1,
    "avalancheSearch 네이버 국어사전": 1,
    "avalancheSearch English Naver Dictionary": 1,
    "philips 329p1hSearch danawa": 1,
    "이즈미 일어로Search Google": 1,
    "코스노Search 구글검색": 1,
    "dlx400Search 다나와": 1,
    "cheffSearch Google": 1,
    "사랑해Search papago": 2,
    "사랑해Search Google Translate": 1,
    "포터블모니Search 다나와": 1,
    "뉴진스Search 구글검색": 1,
    "민희진Search 구글검색": 1,
    "카프란 스토리Search Google Maps": 1,
    "서울특별시 용산구 원효로2가 8-15Search 다음지도, 카카오맵 ": 1,
    "뉴욕 위경도Search 구글검색": 1,
    "비닐봉지 정리Search 유튜브 ": 1,
    "비닐장갑 정리Search 유튜브 ": 1,
    "팬트리Search 구글검색": 1,
    "비닐정리Search 다나와": 1,
    "cat and andrew countrySearch 구글검색": 1,
    "벨크로테이프Search danawa": 1,
    "멀티탭정리함, 오브제탭Search danawa": 1,
    "3m 라운드 후크Search 다나와": 1,
    "신지모루 마그네틱홀더Search 다나와": 1,
    "매직케이블 전선정Search 다나와": 1,
    "자주사용하는 잠금패턴Search 유튜브 ": 1,
    "터치조Search 다나와": 1,
    "터치조명Search 다나와": 1,
    "다이소 터치조명Search 구글검색": 1,
    "타공판 활용Search 구글검색": 1,
    "타공판 활용Search 유튜브 ": 1,
    "시에라네바다Search 구글맵, 구글지도": 1,
    "torrentSearch 네이버 영한사전": 1,
    "caseSearch danawa": 1,
    "케이스Search danawa": 1,
    "투챔버 케이스Search 구글검색": 2,
    "AD400Search 다나와": 1,
    "920TSearch 다나와": 1,
    "ad450Search 유튜브 ": 1,
    "770gSearch danawa": 1,
    "dlx4000Search danawa": 1,
    "total commander icon dllSearch Google": 1,
    "windows icon dllSearch Google": 1,
    "how to make ico file from imageSearch Google": 1,
    "icon editor windowsSearch Google": 1,
    "PhotoDemonSearch Google": 1,
    "싱크대 하부장 압축봉Search danawa": 1,
    "싱크대 압축봉Search 다나와": 1,
    "싱크대 선반Search 구글검색": 1,
    "펜트리Search 다나와": 1,
    "앵글선반Search 다나와": 1,
    "how to wox default google searchSearch 구글검색": 1,
    "wox launchSearch Google": 1,
    "flow launcherSearch 구글검색": 1,
    "SettingsTweak this app": 1,
    "Python 3.11 (64-bit)C:\\Users\\minhwasoo\\AppData\\Roaming\\Microsoft\\Windows\\Start Menu\\Programs\\Python 3.11\\Python 3.11 (64-bit).lnk": 2,
    "Adobe Photoshop CC (64 Bit)C:\\ProgramData\\Microsoft\\Windows\\Start Menu\\Programs\\Adobe Photoshop CC (64 Bit).lnk": 1
  }
}