{
  "records": {
    "Everything Client is not running": 5,
    "minSearch Google": 5,
    "pyminSearch Github": 1,
    "jsonSearch Google": 2,
    "ikeaSearch Naver Shopping": 1,
    "minSearch danawa": 1,
    "daejeonSearch Daum Map": 1,
    "meanSearch Naver Dic": 2,
    "Search Naver Hanja": 1,
    "국Search Naver Hanja": 1,
    "minSearch Duckduckgo": 2,
    "minSearch Daum": 1,
    "015_Terminal SettingD:\\11_exaData\\04_dev\\015_Terminal Setting": 1,
    "사Search Naver Search": 1,
    "사랑Search Naver Search": 1,
    "김치Search Naver Search": 1,
    "노트북추천Search Naver Search": 1,
    "노트북Search danawa": 1,
    "허브Search danawa": 1,
    "how to solve excel solverSearch Google": 1,
    "meanSearch Youtube": 1,
    "drangonballSearch Youtube": 1,
    "how to extract website from pytonSearch Google": 1,
    "ChromeC:\\ProgramData\\Microsoft\\Windows\\Start Menu\\Programs\\Chrome.lnk": 1,
    "Visual Studio CodeC:\\Users\\minhwasoo\\AppData\\Roaming\\Microsoft\\Windows\\Start Menu\\Programs\\Visual Studio Code\\Visual Studio Code.lnk": 1,
    "Sublime TextC:\\ProgramData\\Microsoft\\Windows\\Start Menu\\Programs\\Sublime Text.lnk": 1,
    "TemplatesC:\\Users\\minhwasoo\\AppData\\Roaming\\Microsoft\\Windows\\Start Menu\\Programs\\Selenium Basic\\Templates.lnk": 1,
    "Task ManagerC:\\ProgramData\\Microsoft\\Windows\\Start Menu\\Programs\\System Tools\\Task Manager.lnk": 1,
    "Control PanelC:\\Users\\minhwasoo\\AppData\\Roaming\\Microsoft\\Windows\\Start Menu\\Programs\\System Tools\\Control Panel.lnk": 1,
    "minSearch Naver Search": 1,
    "sdfSearch Github": 1,
    "lkSearch Duckduckgo": 1,
    "lkSearch Bing": 1,
    "everythingSearch Google": 1,
    "commandexecute command through command shell": 1,
    "cmdexecute command through command shell": 1,
    "Solitaire Collection: Microsoft Solitaire CollectionC:\\Program Files\\WindowsApps\\Microsoft.MicrosoftSolitaireCollection_4.13.5310.0_x64__8wekyb3d8bbwe": 1,
    "scalar minSearch Google": 1,
    "whpaSearch Google Scholar": 1,
    "스촨성은 왜 지진이 많은가Search Google": 1,
    "스촨성Search Google Maps": 1,
    "minSearch Google Image": 2,
    "loveSearch Google Image": 6,
    "mdSearch Google Image": 1,
    "minSearch English Naver Dictionary": 1,
    "loveSearch Naver Image": 1,
    "loveSearch Daum Image": 1,
    "daejeonSearch Naver Map": 1,
    "네이Search Naver Map": 1,
    "대전Search Naver Map": 1,
    "Search Gmail": 9,
    "minSearch Gmail": 2,
    "1Search Gmail": 1,
    "fSearch Gmail": 1,
    "how to set acrobat open window screen in dual monitorSearch Google": 1,
    "clean codeSearch Yes24 Book Search": 1,
    "2Search Gmail": 1,
    "cnc keychainSearch Google Image": 1,
    "minSearch Pinterrest": 1,
    "keychain laserSearch Pinterrest": 1,
    "passingSearch Google Translate": 1,
    "resolveSearch Google Translate": 1,
    "assymetricSearch English Naver Dictionary": 1,
    "Mp3tag HelpC:\\ProgramData\\Microsoft\\Windows\\Start Menu\\Programs\\Mp3tag\\Mp3tag Help.lnk": 1,
    "Mp3tagC:\\ProgramData\\Microsoft\\Windows\\Start Menu\\Programs\\Mp3tag\\Mp3tag.lnk": 1,
    "빙Search Korean Dictionary": 1,
    "빙하Search Naver Dic": 1,
    "glacier bloodSearch Google Image": 1,
    "minSearch Google Translate": 1,
    "enclogureSearch Google Translate": 1,
    "대전Search Youtube": 1,
    "리라이Search Youtube": 1,
    "googleSearch Google Translate": 1,
    "과자 대용량Search danawa": 1,
    "밀도 구하는 공Search Google": 1,
    "우리Search Korean Dictionary": 1,
    "우리Search English Naver Dictionary": 1,
    "walkSearch English Naver Dictionary": 1,
    "하드Search danawa": 1,
    "옥수수삶는 시Search Google": 1,
    "this is meSearch Youtube": 1,
    "8004mSearch Youtube": 1,
    "하와이Search Google Maps": 1,
    "exoticSearch Naver Dic": 1,
    "exoticSearch Google Translate": 1,
    "manuverSearch Naver Dic": 1,
    "exotic maneuverSearch Youtube": 1,
    "따개비Search English Naver Dictionary": 1,
    "magic number in physicsSearch Youtube": 1,
    "137 magical numberSearch Youtube": 1,
    "process foodSearch Youtube": 1,
    "모차렐라Search Youtube": 1,
    "메탄 화학식Search Google": 1,
    "sSearch Gmail": 1,
    "escape apple's hellSearch Youtube": 1,
    "삼성흉부외과Search Daum Map": 1,
    "마늘쉽게 까는법Search Naver Search": 1,
    "밤까는기계Search danawa": 1,
    "유성구 유성대로 626번길 57Search Daum Map": 1,
    "thunderbolt dockSearch danawa": 1,
    "Acasis Thunderbolt 3 dockSearch danawa": 1,
    ",minSearch Naver Search": 1,
    "유성노은도서Search Naver Search": 1,
    "매직마우스 배터리교체 가격Search Google": 1,
    "embagoSearch Google Translate": 1,
    "미야기현Search Google Maps": 1,
    "곰플레이Search Google": 1,
    "팟플레이어Search Google": 1,
    "장하Search 유튜브 ": 1,
    "페이팔 사용법Search 유튜브 ": 1,
    "사랑Search 구글검색": 1,
    "대전역Search 다음지도, 카카오맵 ": 1,
    "미야기현Search 구글맵, 구글지도": 1,
    "우리Search 구글번역 ": 1,
    "Search 네이버메일": 1,
    "dSearch 네이버메일": 1,
    "이병헌Search 유튜브 ": 1,
    "구Search 구글맵, 구글지도": 1,
    "ㅇㅁㅅㅁ.xlsD:\\09_hardRain\\01_2017\\2017영향조사\\2017 보령14 지구\\04. 웅천읍 수부리 120-1\\정천\\ㅇㅁㅅㅁ.xls": 1,
    "하드디스크Search 다나와": 1,
    "사랑Search 네이버 영한사전": 1,
    "김Search 네이버한자사전": 1,
    "우리Search 네이버 영한사전": 1,
    "우리Search 네이버사전": 1,
    "hanSearch 다나와": 1,
    "대전역Search 네이버지도 ": 1,
    "서울Search 구글맵, 구글지도": 1,
    "시앤씨Search 구글이미지 ": 1,
    "씨앤씨Search 구글이미지 ": 1,
    "ㅡSearch 구글메일": 1,
    "Hello WorldQuery: hello world": 1,
    "hcActivate Hello World CSharp plugin": 2,
    "Hello WorldQuery: dd": 1,
    "Hello WorldQuery: print(2+2)": 1,
    "usb-cSearch danawa": 1,
    "명예Search 네이버 영한사전": 1,
    "공유기Search 다나와": 1,
    "iptimeSearch danawa": 1,
    "excel vba how to sorted listSearch Google": 1,
    "대전지역 도서관Search 네이버검색 ": 1,
    "유성구 구암 평생학습센터Search 네이버검색 ": 1,
    "충남대 도서관 이용법Search 유튜브 ": 1,
    "충남대Search Google Maps": 1,
    "한국Search 예스24, 도서검색": 1,
    "ㅁㄴㅇㄹSearch 구글검색": 1,
    "사전Search 네이버 영한사전": 1,
    "Search 네이버메일 ": 2,
    "ㄴSearch 네이버메일 ": 1,
    "자연Search 위키피디아 ": 1,
    "기생충Search Wikipedia": 1,
    "사Search 충남대도서관 ": 1,
    "자바스크립트Search 충남대도서관 ": 1,
    "고양이사료 20Search 다나와": 1,
    "김정은Search 위키피디아 ": 1,
    "integralSearch Wikipedia": 1,
    "acronyumSearch Google Translate": 1,
    "acronymSearch Naver Dic": 1,
    "eclipseSearch Google": 1,
    "java lectureSearch Youtube": 1,
    "intellijSearch Google": 1,
    "intellij communitySearch Google": 1,
    "vscodeSearch Google": 1,
    "cmderSearch Google": 1,
    "대전 국비교육Search Google": 1,
    "pycharm communitySearch 구글검색": 1,
    "anaconda downloadSearch Google": 1,
    "intellijSearch Youtube": 1,
    "intellij 단축키Search Google": 1,
    "what is maven and gradleSearch Youtube": 1,
    "메이븐 그레이Search 네이버검색 ": 1,
    "토비의 스프링Search 충남대도서관 ": 1,
    "역전Search 네이버사전": 1,
    "역전Search 네이버 영한사전": 1,
    "jdk for m1Search 구글검색": 1,
    "msaccess open very laggySearch Google": 1,
    "msaccess accdb open very laggySearch Google": 1,
    "how to shutdown completely windows 10Search Google": 1,
    "openwrtSearch Google": 1,
    "asus rt-ax55Search danawa": 1,
    "asus rt-ax55 단점Search danawa": 1,
    "사피엔스Search 충남대도서관 ": 2,
    "충남대 5층 도서관 이Search 구글검색": 1,
    "satechiSearch Google": 1,
    "공유기 추Search Google": 1,
    "공유기 추천Search Google": 1,
    "ax 공유기 추천Search Google": 1,
    "페이코 는Search 유튜브 ": 1,
    "우리는Search 구글검색": 1,
    "우리는Search 유튜브 ": 1,
    "김상욱Search 충남대도서관 ": 1,
    "빅토리아Search 구글맵, 구글지도": 1,
    "빅토리아호Search 구글맵, 구글지도": 1,
    "군포허브Search 다음지도, 카카오맵 ": 1,
    "대한통운 군포허브Search 구글검색": 1,
    "경기도 군포시 부곡동 번영로 82Search 다음지도, 카카오맵 ": 1,
    "김용진Search 구글검색": 1,
    "Start Chrome DebugC:\\Users\\minhwasoo\\AppData\\Roaming\\Microsoft\\Windows\\Start Menu\\Programs\\Selenium Basic\\Start Chrome Debug.lnk": 1,
    "Command PromptC:\\Users\\minhwasoo\\AppData\\Roaming\\Microsoft\\Windows\\Start Menu\\Programs\\System Tools\\Command Prompt.lnk": 1,
    "반도체넥스트시나리오Search 충남대도서관 ": 1,
    "양수영향반경Search 구글검색": 1,
    "influence radiusSearch Google": 1,
    "effective radiusSearch Google": 1,
    "윈디날씨Search Google": 1,
    "외계인 2 부Search 구글검색": 1,
    "외계인 관객수Search 구글검색": 1,
    "계속 가봅시다 남는게 체력인데Search 충남대도서관 ": 1,
    "강기훈Search 유튜브 ": 1,
    "천수만Search 구글맵, 구글지도": 1,
    "알라카티Search 구글맵, 구글지도": 1,
    "빅육개장Search danawa": 1,
    "폴리아모리Search 구글검색": 1,
    "서큐버스Search Google": 1,
    "옥의티 영어Search 구글검색": 1,
    "네팔Search 구글맵, 구글지도": 1,
    "모에화Search 구글검색": 1,
    "윈디Search 구글검색": 1,
    "윈디Search Google": 1,
    "가족끼리 왜이래Search 유튜브 ": 1,
    "토모노오라Search 구글맵, 구글지도": 1,
    "cass latencySearch Google": 1,
    "흑산도Search Google Maps": 1,
    "선도Search 구글이미지 ": 1,
    "仙道Search 구글이미지 ": 1,
    "후쿠시Search 구글이미지 ": 1,
    "후쿠시마Search 구글이미지 ": 1,
    "후쿠시마Search 구글맵, 구글지도": 1,
    "슁글의 가용기간Search 구글검색": 1,
    "덕적도Search 구글맵, 구글지도": 1,
    "굴업도Search 구글맵, 구글지도": 1,
    "대전역Search Daum Map": 1,
    "네바Search 구글맵, 구글지도": 1,
    "네바다Search 구글맵, 구글지도": 1,
    "박학기Search Google Image": 1,
    "how to fix micro sd card cannot formatSearch Google": 1,
    "soil errsionSearch English Naver Dictionary": 1,
    "soil errusionSearch English Naver Dictionary": 1,
    "soil erosionSearch English Naver Dictionary": 1,
    "PC Health CheckC:\\Users\\minhwasoo\\AppData\\Roaming\\Microsoft\\Windows\\Start Menu\\Programs\\PC Health Check.lnk": 1,
    "2314Copy this number to the clipboard": 1,
    "186Copy this number to the clipboard": 1,
    "김지윤Search Google": 1,
    "life challengeSearch 유튜브 ": 1,
    "absurdSearch English Naver Dictionary": 1,
    "commandthis command has been executed 1 times": 1,
    "김진태Search Google": 1,
    "삿포로Search 구글맵, 구글지도": 1,
    "피나치공 이란Search Google": 1,
    "마타도어 란Search 구글검색": 1,
    "홍천Search Daum Map": 1,
    "공Search 다음지도, 카카오맵 ": 1,
    "강강술래Search 다음지도, 카카오맵 ": 1,
    "엔화환율Search Google": 1,
    "콜로라도 덴버Search Google Maps": 1,
    "마사키Search Naver Search": 1,
    "리비아Search Google Maps": 1,
    "불수능 이란Search Google": 1,
    "장대교차Search Daum Map": 1,
    "이소라Search 구글검색": 1,
    "알바니아Search Google Maps": 1,
    "8700Search Google": 1,
    "센터빌Search Google Maps": 1,
    "중이온가속기 연구Search Google Maps": 1,
    "6750hSearch Google": 1,
    "dead citySearch Google": 1,
    "갤럭시 워치3 스펙Search Google": 1,
    "케이블타이 148Search danawa": 1,
    "택배도둑 영어로Search Google": 1,
    "간토지역Search 구글검색": 1,
    "선운사Search Google": 1
  }
}